TIME, VALUE
00:01:00, 10.91074416
00:02:00, 11.04848225
00:03:00, 11.13376854
00:04:00, 11.11049172
00:05:00, 11.06994253
00:06:00, 11.30403306
00:07:00, 11.29016488
00:08:00, 11.1657501
00:09:00, 11.31428479
00:10:00, 11.40857277
00:11:00, 11.4338538
00:12:00, 11.42950543
00:13:00, 11.4449505
00:14:00, 11.23592358
00:15:00, 11.42714909
00:16:00, 11.44845056
00:17:00, 11.26651204
00:18:00, 11.38179413
00:19:00, 11.41329809
00:20:00, 11.50135892
00:21:00, 11.48890316
00:22:00, 11.43309316
00:23:00, 11.3338177
00:24:00, 11.39242873
00:25:00, 11.38696608
00:26:00, 11.24120285
00:27:00, 11.08245697
00:28:00, 11.03903886
00:29:00, 11.29268124
00:30:00, 11.27828509
00:31:00, 11.22533785
00:32:00, 10.96729232
00:33:00, 10.81331456
00:34:00, 10.96316799
00:35:00, 11.06459335
00:36:00, 11.00423317
00:37:00, 10.93748064
00:38:00, 10.66625819
00:39:00, 10.55160818
00:40:00, 10.78404036
00:41:00, 10.81538798
00:42:00, 10.57921208
00:43:00, 10.56738529
00:44:00, 10.68432025
00:45:00, 10.35607431
00:46:00, 10.52879771
00:47:00, 10.51877329
00:48:00, 10.36079912
00:49:00, 10.56277519
00:50:00, 10.3035555
00:51:00, 10.43403841
00:52:00, 10.33031892
00:53:00, 10.36059071
00:54:00, 10.53140437
00:55:00, 10.47467035
00:56:00, 10.53619495
00:57:00, 10.70919698
00:58:00, 10.89410006
00:59:00, 10.93814261
01:00:00, 10.81819395
01:01:00, 10.99846247
01:02:00, 10.91069797
01:03:00, 11.20189721
01:04:00, 10.93053536
01:05:00, 11.0895683
01:06:00, 11.14761172
01:07:00, 11.32676535
01:08:00, 11.45742753
01:09:00, 11.20564484
01:10:00, 11.28286855
01:11:00, 11.23741761
01:12:00, 11.47269392
01:13:00, 11.35517165
01:14:00, 11.62135508
01:15:00, 11.40172108
01:16:00, 11.45473904
01:17:00, 11.80093457
01:18:00, 11.8592593
01:19:00, 11.78564788
01:20:00, 11.56884127
01:21:00, 11.89186345
01:22:00, 11.82913398
01:23:00, 11.96433704
01:24:00, 11.84521042
01:25:00, 11.87075677
01:26:00, 11.91982541
01:27:00, 11.95633512
01:28:00, 11.92916591
01:29:00, 11.74902239
01:30:00, 11.77094493
01:31:00, 11.77256953
01:32:00, 11.89901283
01:33:00, 11.81899781
01:34:00, 11.78123523
01:35:00, 11.62081422
01:36:00, 11.7375472
01:37:00, 11.72563036
01:38:00, 11.52124249
01:39:00, 11.68519767
01:40:00, 11.57872175
01:41:00, 11.32104509
01:42:00, 11.45898593
01:43:00, 11.29976364
01:44:00, 11.19090748
01:45:00, 11.30902886
01:46:00, 11.0542535
01:47:00, 11.14594772
01:48:00, 10.86781211
01:49:00, 10.81801711
01:50:00, 10.77588794
01:51:00, 10.84649041
01:52:00, 10.68329494
01:53:00, 10.58884531
01:54:00, 10.42142039
01:55:00, 10.51569345
01:56:00, 10.25204488
01:57:00, 10.27424672
01:58:00, 10.27131402
01:59:00, 10.0882319
02:00:00, 10.17095855
02:01:00, 10.02138192
02:02:00, 10.04750029
02:03:00, 9.9884816
02:04:00, 9.97673735
02:05:00, 9.92652265
02:06:00, 9.87188863
02:07:00, 9.886978323
02:08:00, 9.881158359
02:09:00, 9.826137772
02:10:00, 9.865606024
02:11:00, 9.835204555
02:12:00, 9.853544417
02:13:00, 9.810157735
02:14:00, 9.836264214
02:15:00, 9.853113102
02:16:00, 9.842379654
02:17:00, 9.863815135
02:18:00, 9.874025378
02:19:00, 9.889382446
02:20:00, 9.899958441
02:21:00, 9.912926083
02:22:00, 9.925428901
02:23:00, 9.976804894
02:24:00, 9.996196113
02:25:00, 9.987376462
02:26:00, 10.00563658
02:27:00, 10.06072435
02:28:00, 10.02589407
02:29:00, 10.07701907
02:30:00, 10.09707283
02:31:00, 10.19406916
02:32:00, 10.10788105
02:33:00, 10.19504707
02:34:00, 10.24201796
02:35:00, 10.21092168
02:36:00, 10.31187986
02:37:00, 10.29064034
02:38:00, 10.37143547
02:39:00, 10.26723303
02:40:00, 10.32699969
02:41:00, 10.31128513
02:42:00, 10.44043373
02:43:00, 10.38555714
02:44:00, 10.31993444
02:45:00, 10.44792656
02:46:00, 10.46181722
02:47:00, 10.44929449
02:48:00, 10.55047097
02:49:00, 10.47909401
02:50:00, 10.51925233
02:51:00, 10.28467735
02:52:00, 10.33504342
02:53:00, 10.33066619
02:54:00, 10.26849553
02:55:00, 10.33350892
02:56:00, 10.30786759
02:57:00, 10.11132804
02:58:00, 10.16982833
02:59:00, 10.02783242
03:00:00, 9.945971308
03:01:00, 9.779012492
03:02:00, 9.82828764
03:03:00, 9.607285544
03:04:00, 9.489936192
03:05:00, 9.36056001
03:06:00, 9.377799189
03:07:00, 9.466682539
03:08:00, 9.482053742
03:09:00, 9.415271499
03:10:00, 9.224530517
03:11:00, 9.051910892
03:12:00, 9.246968808
03:13:00, 9.15652276
03:14:00, 8.925665561
03:15:00, 9.056578282
03:16:00, 9.060101316
03:17:00, 8.796513642
03:18:00, 8.980293875
03:19:00, 8.693329065
03:20:00, 8.579268192
03:21:00, 8.888228112
03:22:00, 8.883687583
03:23:00, 8.629730517
03:24:00, 8.695057471
03:25:00, 8.701435281
03:26:00, 8.749714393
03:27:00, 8.58847086
03:28:00, 8.685483077
03:29:00, 8.790976676
03:30:00, 8.812504384
03:31:00, 8.842222416
03:32:00, 8.805547413
03:33:00, 8.696999116
03:34:00, 8.783141269
03:35:00, 8.570151851
03:36:00, 8.716005542
03:37:00, 8.784455337
03:38:00, 8.762459691
03:39:00, 9.037982429
03:40:00, 8.823825321
03:41:00, 8.955054617
03:42:00, 9.030862319
03:43:00, 9.031476798
03:44:00, 9.125813256
03:45:00, 9.111745941
03:46:00, 9.144208604
03:47:00, 9.212633272
03:48:00, 9.39734653
03:49:00, 9.573761311
03:50:00, 9.373738047
03:51:00, 9.738464843
03:52:00, 9.746231496
03:53:00, 9.553438999
03:54:00, 9.946326474
03:55:00, 9.92568971
03:56:00, 9.946202311
03:57:00, 10.08015731
03:58:00, 9.871041506
03:59:00, 10.23451376
04:00:00, 10.27013255
04:01:00, 10.18022304
04:02:00, 10.30606787
04:03:00, 10.12187611
04:04:00, 10.34471106
04:05:00, 10.19639387
04:06:00, 10.1537331
04:07:00, 10.41578578
04:08:00, 10.2602662
04:09:00, 10.12878834
04:10:00, 10.29019927
04:11:00, 10.37377999
04:12:00, 10.21671328
04:13:00, 10.12278131
04:14:00, 9.999086344
04:15:00, 10.05672808
04:16:00, 10.21923458
04:17:00, 10.11162143
04:18:00, 10.04609689
04:19:00, 10.07353721
04:20:00, 10.11074281
04:21:00, 10.13050642
04:22:00, 9.849171706
04:23:00, 10.03959634
04:24:00, 10.02125444
04:25:00, 9.881111668
04:26:00, 9.840577431
04:27:00, 9.822416018
04:28:00, 9.735971343
04:29:00, 9.777176385
04:30:00, 9.799681882
04:31:00, 9.700357348
04:32:00, 9.742162951
04:33:00, 9.816743995
04:34:00, 9.763243604
04:35:00, 9.762409466
04:36:00, 9.679533626
04:37:00, 9.608836906
04:38:00, 9.614524716
04:39:00, 9.661574638
04:40:00, 9.64982687
04:41:00, 9.606219288
04:42:00, 9.618504383
04:43:00, 9.685757086
04:44:00, 9.687063835
04:45:00, 9.707492804
04:46:00, 9.696863212
04:47:00, 9.709586349
04:48:00, 9.745447855
04:49:00, 9.764678461
04:50:00, 9.785154806
04:51:00, 9.84701356
04:52:00, 9.860723481
04:53:00, 9.916920453
04:54:00, 9.984654404
04:55:00, 10.04189528
04:56:00, 10.10509151
04:57:00, 10.17228315
04:58:00, 10.24777465
04:59:00, 10.32256842
05:00:00, 10.40041724
05:01:00, 10.50466548
05:02:00, 10.59985798
05:03:00, 10.71361734
05:04:00, 10.73663333
05:05:00, 10.84462797
05:06:00, 10.9136439
05:07:00, 11.07834784
05:08:00, 11.08286555
05:09:00, 11.2002555
05:10:00, 11.3195016
05:11:00, 11.34777136
05:12:00, 11.38057093
05:13:00, 11.49887784
05:14:00, 11.61139574
05:15:00, 11.61746881
05:16:00, 11.70728341
05:17:00, 11.8029706
05:18:00, 11.84678842
05:19:00, 11.73529993
05:20:00, 11.72626968
05:21:00, 11.77646693
05:22:00, 11.79511132
05:23:00, 11.8679425
05:24:00, 11.93639704
05:25:00, 11.87092334
05:26:00, 11.88701544
05:27:00, 11.99071101
05:28:00, 12.05653227
05:29:00, 11.94962815
05:30:00, 11.97957493
05:31:00, 11.88753478
05:32:00, 11.95824579
05:33:00, 12.12610332
05:34:00, 12.05718266
05:35:00, 11.94016181
05:36:00, 12.10145513
05:37:00, 11.89118168
05:38:00, 11.95334927
05:39:00, 11.95256474
05:40:00, 11.78831545
05:41:00, 11.76417543
05:42:00, 11.68520382
05:43:00, 11.60356482
05:44:00, 11.82645619
05:45:00, 11.65662684
05:46:00, 11.62738942
05:47:00, 11.64986827
05:48:00, 11.55226896
05:49:00, 11.51147714
05:50:00, 11.40814272
05:51:00, 11.59768407
05:52:00, 11.28703402
05:53:00, 11.28350015
05:54:00, 11.18003804
05:55:00, 11.18317143
05:56:00, 11.44395013
05:57:00, 11.19817154
05:58:00, 11.32706647
05:59:00, 11.19967569
06:00:00, 11.21952718
06:01:00, 11.08537278
06:02:00, 11.31059696
06:03:00, 11.14844205
06:04:00, 11.17528131
06:05:00, 10.96584102
06:06:00, 11.02416122
06:07:00, 10.97846088
06:08:00, 11.013369
06:09:00, 11.3959812
06:10:00, 11.18721832
06:11:00, 11.26919961
06:12:00, 11.25838764
06:13:00, 11.21286539
06:14:00, 11.61397209
06:15:00, 11.55621374
06:16:00, 11.44028827
06:17:00, 11.43446244
06:18:00, 11.49737006
06:19:00, 11.76364794
06:20:00, 11.90822752
06:21:00, 11.87627922
06:22:00, 12.02447817
06:23:00, 11.81507369
06:24:00, 12.17084421
06:25:00, 12.09331435
06:26:00, 12.0627978
06:27:00, 12.04418456
06:28:00, 12.05309441
06:29:00, 12.09235477
06:30:00, 12.16172373
06:31:00, 12.32802548
06:32:00, 12.35366179
06:33:00, 12.28752492
06:34:00, 12.30538998
06:35:00, 12.24094858
06:36:00, 12.48079459
06:37:00, 12.46712159
06:38:00, 12.53977153
06:39:00, 12.41629626
06:40:00, 12.60827234
06:41:00, 12.40270485
06:42:00, 12.30097823
06:43:00, 12.51528446
06:44:00, 12.61279555
06:45:00, 12.35587394
06:46:00, 12.25468816
06:47:00, 12.34532936
06:48:00, 12.54849412
06:49:00, 12.36347215
06:50:00, 12.3282119
06:51:00, 12.15779396
06:52:00, 12.31629381
06:53:00, 12.08647308
06:54:00, 12.08524268
06:55:00, 12.23251626
06:56:00, 12.10678312
06:57:00, 12.05877275
06:58:00, 11.85643973
06:59:00, 11.92348764
07:00:00, 11.81452361
07:01:00, 11.80815137
07:02:00, 11.5317526
07:03:00, 11.49782223
07:04:00, 11.58476577
07:05:00, 11.47408024
07:06:00, 11.31793216
07:07:00, 11.19064329
07:08:00, 11.08220968
07:09:00, 10.97785916
07:10:00, 11.01565581
07:11:00, 11.00059898
07:12:00, 10.77445325
07:13:00, 10.73238089
07:14:00, 10.73487806
07:15:00, 10.63147282
07:16:00, 10.68776481
07:17:00, 10.63729982
07:18:00, 10.57544119
07:19:00, 10.53516691
07:20:00, 10.5632225
07:21:00, 10.52111952
07:22:00, 10.48726269
07:23:00, 10.44022221
07:24:00, 10.43507954
07:25:00, 10.44155547
07:26:00, 10.44040523
07:27:00, 10.46246825
07:28:00, 10.4844107
07:29:00, 10.47744354
07:30:00, 10.4852413
07:31:00, 10.48986538
07:32:00, 10.49999515
07:33:00, 10.51263127
07:34:00, 10.52618512
07:35:00, 10.53349361
07:36:00, 10.56624534
07:37:00, 10.5707388
07:38:00, 10.62612059
07:39:00, 10.59602777
07:40:00, 10.62299949
07:41:00, 10.70553425
07:42:00, 10.68184236
07:43:00, 10.67529682
07:44:00, 10.76395257
07:45:00, 10.71579126
07:46:00, 10.79389677
07:47:00, 10.78556995
07:48:00, 10.90397864
07:49:00, 10.80113971
07:50:00, 10.92124198
07:51:00, 10.83974939
07:52:00, 10.93602457
07:53:00, 10.92806581
07:54:00, 11.06828338
07:55:00, 10.93564426
07:56:00, 10.93373353
07:57:00, 11.0341324
07:58:00, 10.97285694
07:59:00, 11.08073979
08:00:00, 11.12079837
08:01:00, 11.14174225
08:02:00, 11.0573908
08:03:00, 10.90680041
08:04:00, 10.98361534
08:05:00, 10.90984823
08:06:00, 10.86210711
08:07:00, 11.07566393
08:08:00, 10.80704108
08:09:00, 10.75431235
08:10:00, 10.92471338
08:11:00, 10.59274182
08:12:00, 10.56642322
08:13:00, 10.74779237
08:14:00, 10.68666519
08:15:00, 10.44230228
08:16:00, 10.24001507
08:17:00, 10.22437723
08:18:00, 10.09646927
08:19:00, 10.24575153
08:20:00, 10.13880627
08:21:00, 9.863580725
08:22:00, 9.946242112
08:23:00, 10.04484042
08:24:00, 10.0279711
08:25:00, 9.76080084
08:26:00, 9.802874257
08:27:00, 9.739491487
08:28:00, 9.587164771
08:29:00, 9.679873613
08:30:00, 9.541768916
08:31:00, 9.469736656
08:32:00, 9.439236524
08:33:00, 9.241362091
08:34:00, 9.290970632
08:35:00, 9.367771686
08:36:00, 9.487711105
08:37:00, 9.413908697
08:38:00, 9.380378461
08:39:00, 9.502520538
08:40:00, 9.437985095
08:41:00, 9.475128446
08:42:00, 9.125388807
08:43:00, 9.237997463
08:44:00, 9.392033434
08:45:00, 9.194791124
08:46:00, 9.260336372
08:47:00, 9.531721671
08:48:00, 9.549697341
08:49:00, 9.314593946
08:50:00, 9.444030994
08:51:00, 9.449133558
08:52:00, 9.552952368
08:53:00, 9.31848936
08:54:00, 9.4035301
08:55:00, 9.799000371
08:56:00, 9.554857438
08:57:00, 9.517052503
08:58:00, 9.762676316
08:59:00, 9.862704979
09:00:00, 9.926762053
09:01:00, 9.867757614
09:02:00, 10.02467165
09:03:00, 9.864904848
09:04:00, 9.980526515
09:05:00, 10.36322996
09:06:00, 10.22147505
09:07:00, 10.22185958
09:08:00, 10.32876276
09:09:00, 10.35481663
09:10:00, 10.49923518
09:11:00, 10.58031569
09:12:00, 10.53043896
09:13:00, 10.71792771
09:14:00, 10.80524273
09:15:00, 10.77915751
09:16:00, 10.73305466
09:17:00, 10.70349633
09:18:00, 10.7191897
09:19:00, 10.74955253
09:20:00, 11.05405961
09:21:00, 10.73996753
09:22:00, 11.04531547
09:23:00, 11.04519323
09:24:00, 10.87883915
09:25:00, 10.6795168
09:26:00, 10.70740801
09:27:00, 10.74875511
09:28:00, 10.87307004
09:29:00, 10.71890616
09:30:00, 10.60635153
09:31:00, 10.82133231
09:32:00, 10.71926523
09:33:00, 10.67289253
09:34:00, 10.49845037
09:35:00, 10.56763572
09:36:00, 10.49547513
09:37:00, 10.60325372
09:38:00, 10.41801154
09:39:00, 10.51376662
09:40:00, 10.41461515
09:41:00, 10.59856162
09:42:00, 10.46429443
09:43:00, 10.33365885
09:44:00, 10.45496288
09:45:00, 10.36751463
09:46:00, 10.37498605
09:47:00, 10.32966076
09:48:00, 10.28333357
09:49:00, 10.33989749
09:50:00, 10.3839123
09:51:00, 10.30376192
09:52:00, 10.31335212
09:53:00, 10.31567136
09:54:00, 10.31624807
09:55:00, 10.23589925
09:56:00, 10.29794398
09:57:00, 10.28825481
09:58:00, 10.25649666
09:59:00, 10.30799512
10:00:00, 10.28188191
10:01:00, 10.30733309
10:02:00, 10.37902805
10:03:00, 10.38988282
10:04:00, 10.43174912
10:05:00, 10.4677121
10:06:00, 10.51297245
10:07:00, 10.54363634
10:08:00, 10.60231281
10:09:00, 10.65985941
10:10:00, 10.72737845
10:11:00, 10.80111154
10:12:00, 10.86169441
10:13:00, 10.94238682
10:14:00, 11.02312504
10:15:00, 11.1219982
10:16:00, 11.17821886
10:17:00, 11.28916474
10:18:00, 11.40762173
10:19:00, 11.4948984
10:20:00, 11.53140304
10:21:00, 11.70167479
10:22:00, 11.79028472
10:23:00, 11.83251246
10:24:00, 11.9034665
10:25:00, 11.99844532
10:26:00, 12.02462876
10:27:00, 12.12632984
10:28:00, 12.1032736
10:29:00, 12.32070031
10:30:00, 12.30082124
10:31:00, 12.29092699
10:32:00, 12.44364829
10:33:00, 12.41780185
10:34:00, 12.49667943
10:35:00, 12.4144294
10:36:00, 12.41895232
10:37:00, 12.66099927
10:38:00, 12.53186515
10:39:00, 12.57672659
10:40:00, 12.62083462
10:41:00, 12.72707991
10:42:00, 12.63817357
10:43:00, 12.47804727
10:44:00, 12.54176774
10:45:00, 12.55433349
10:46:00, 12.75439999
10:47:00, 12.4631105
10:48:00, 12.48920475
10:49:00, 12.4312463
10:50:00, 12.50806898
10:51:00, 12.54521281
10:52:00, 12.65828298
10:53:00, 12.62246851
10:54:00, 12.46369861
10:55:00, 12.42251339
10:56:00, 12.30376692
10:57:00, 12.53007616
10:58:00, 12.31190725
10:59:00, 12.26254583
11:00:00, 12.48354784
11:01:00, 12.17058077
11:02:00, 12.29122132
11:03:00, 12.12539905
11:04:00, 12.15675081
11:05:00, 12.08499616
11:06:00, 12.03243266
11:07:00, 11.86406796
11:08:00, 11.96499592
11:09:00, 11.84886548
11:10:00, 11.97005501
11:11:00, 11.76946754
11:12:00, 11.96763819
11:13:00, 11.92001984
11:14:00, 11.79463113
11:15:00, 11.66607877
11:16:00, 11.72271233
11:17:00, 11.81338253
11:18:00, 11.91409734
11:19:00, 11.58566383
11:20:00, 11.80281352
11:21:00, 11.85212599
11:22:00, 11.81808868
11:23:00, 11.82774341
11:24:00, 12.09708722
11:25:00, 12.10670409
11:26:00, 11.79286629
11:27:00, 11.82880559
11:28:00, 12.03445286
11:29:00, 12.24066876
11:30:00, 12.31319984
11:31:00, 12.10134798
11:32:00, 12.28689119
11:33:00, 12.24432975
11:34:00, 12.26628097
11:35:00, 12.26367343
11:36:00, 12.70950872
11:37:00, 12.40523229
11:38:00, 12.66394348
11:39:00, 12.81483261
11:40:00, 12.61611171
11:41:00, 12.82888216
11:42:00, 12.78894294
11:43:00, 12.74977639
11:44:00, 12.93818513
11:45:00, 13.05884477
11:46:00, 13.11433381
11:47:00, 13.00747281
11:48:00, 13.05313317
11:49:00, 13.11984757
11:50:00, 13.02698658
11:51:00, 12.89490696
11:52:00, 12.94546236
11:53:00, 13.16331092
11:54:00, 13.23491935
11:55:00, 13.01526886
11:56:00, 13.08742697
11:57:00, 13.02331841
11:58:00, 13.21641181
11:59:00, 12.96129167
12:00:00, 13.08694049
12:01:00, 12.99751903
12:02:00, 13.12318359
12:03:00, 13.07050313
12:04:00, 12.90804038
12:05:00, 12.81903336
12:06:00, 12.92761668
12:07:00, 12.89281782
12:08:00, 12.92583049
12:09:00, 12.66080914
12:10:00, 12.79826329
12:11:00, 12.7668604
12:12:00, 12.53262979
12:13:00, 12.52728805
12:14:00, 12.4339233
12:15:00, 12.4304826
12:16:00, 12.20427451
12:17:00, 12.2143636
12:18:00, 12.02817353
12:19:00, 12.09999245
12:20:00, 11.97249302
12:21:00, 11.9384309
12:22:00, 11.85047996
12:23:00, 11.6058424
12:24:00, 11.68522995
12:25:00, 11.5832639
12:26:00, 11.56062889
12:27:00, 11.48825769
12:28:00, 11.38982161
12:29:00, 11.31991193
12:30:00, 11.31936851
12:31:00, 11.29392094
12:32:00, 11.14073997
12:33:00, 11.20197598
12:34:00, 11.16863436
12:35:00, 11.11522172
12:36:00, 11.15575318
12:37:00, 11.14921036
12:38:00, 11.09992345
12:39:00, 11.09787981
12:40:00, 11.0571571
12:41:00, 11.09075478
12:42:00, 11.1035063
12:43:00, 11.08528975
12:44:00, 11.10670239
12:45:00, 11.11798649
12:46:00, 11.12544682
12:47:00, 11.13840605
12:48:00, 11.14945274
12:49:00, 11.16906537
12:50:00, 11.19069808
12:51:00, 11.18327233
12:52:00, 11.24009322
12:53:00, 11.24363593
12:54:00, 11.23917806
12:55:00, 11.25640879
12:56:00, 11.29793777
12:57:00, 11.35455736
12:58:00, 11.36146569
12:59:00, 11.34905301
13:00:00, 11.41553943
13:01:00, 11.49872952
13:02:00, 11.40994585
13:03:00, 11.54598424
13:04:00, 11.57547191
13:05:00, 11.46203376
13:06:00, 11.62000169
13:07:00, 11.49486905
13:08:00, 11.67400696
13:09:00, 11.67003963
13:10:00, 11.74872119
13:11:00, 11.60117243
13:12:00, 11.59881329
13:13:00, 11.61037468
13:14:00, 11.56877998
13:15:00, 11.7181507
13:16:00, 11.64393517
13:17:00, 11.58121887
13:18:00, 11.67315624
13:19:00, 11.56454341
13:20:00, 11.57227388
13:21:00, 11.50902251
13:22:00, 11.59086785
13:23:00, 11.53248035
13:24:00, 11.33453306
13:25:00, 11.22187669
13:26:00, 11.1659224
13:27:00, 11.26723816
13:28:00, 11.26261588
13:29:00, 11.01923959
13:30:00, 11.17492171
13:31:00, 11.0014084
13:32:00, 10.88546292
13:33:00, 10.91220503
13:34:00, 10.66390331
13:35:00, 10.84837822
13:36:00, 10.43400746
13:37:00, 10.47477254
13:38:00, 10.66921158
13:39:00, 10.35497787
13:40:00, 10.43826062
13:41:00, 10.39433925
13:42:00, 10.40136858
13:43:00, 10.17764965
13:44:00, 10.22171579
13:45:00, 10.191233
13:46:00, 9.962133765
13:47:00, 10.23589822
13:48:00, 10.17456609
13:49:00, 9.989948479
13:50:00, 9.942699898
13:51:00, 9.990751174
13:52:00, 9.800614351
13:53:00, 9.746240766
13:54:00, 10.11787305
13:55:00, 9.794612016
13:56:00, 9.807445824
13:57:00, 9.937329767
13:58:00, 9.761451994
13:59:00, 9.876611983
14:00:00, 9.783472977
14:01:00, 9.871577057
14:02:00, 9.838627317
14:03:00, 10.01014588
14:04:00, 10.17821925
14:05:00, 10.14956381
14:06:00, 10.25912274
14:07:00, 10.24062576
14:08:00, 10.00064562
14:09:00, 10.14909441
14:10:00, 10.1592674
14:11:00, 10.2383238
14:12:00, 10.42068423
14:13:00, 10.22050163
14:14:00, 10.28752362
14:15:00, 10.35445028
14:16:00, 10.58544078
14:17:00, 10.83138889
14:18:00, 10.58878619
14:19:00, 10.83473856
14:20:00, 10.97748425
14:21:00, 10.75687513
14:22:00, 10.98712787
14:23:00, 11.25743891
14:24:00, 11.15251584
14:25:00, 11.10059098
14:26:00, 11.41670997
14:27:00, 11.48644737
14:28:00, 11.423444
14:29:00, 11.33598732
14:30:00, 11.57730875
14:31:00, 11.31662986
14:32:00, 11.39106758
14:33:00, 11.4040702
14:34:00, 11.56806062
14:35:00, 11.62854488
14:36:00, 11.6315028
14:37:00, 11.34024921
14:38:00, 11.65496281
14:39:00, 11.39324293
14:40:00, 11.5709686
14:41:00, 11.56386867
14:42:00, 11.51210795
14:43:00, 11.52703567
14:44:00, 11.54299824
14:45:00, 11.40745559
14:46:00, 11.46858293
14:47:00, 11.41946856
14:48:00, 11.31336048
14:49:00, 11.28983037
14:50:00, 11.15237673
14:51:00, 11.27435521
14:52:00, 11.28618806
14:53:00, 11.08017394
14:54:00, 11.09063124
14:55:00, 10.98485456
14:56:00, 10.98403925
14:57:00, 11.14844883
14:58:00, 11.07563815
14:59:00, 10.99407437
15:00:00, 10.91827595
15:01:00, 10.91845494
15:02:00, 10.91153577
15:03:00, 11.03559911
15:04:00, 11.02216886
15:05:00, 10.91999437
15:06:00, 10.91973927
15:07:00, 10.86727116
15:08:00, 10.87396186
15:09:00, 10.90629378
15:10:00, 10.92519224
15:11:00, 10.94000126
15:12:00, 10.96644787
15:13:00, 10.94183985
15:14:00, 10.9702378
15:15:00, 10.91839745
15:16:00, 10.95783439
15:17:00, 11.0218055
15:18:00, 11.04620527
15:19:00, 11.07516012
15:20:00, 11.1224998
15:21:00, 11.17480857
15:22:00, 11.22363269
15:23:00, 11.27830526
15:24:00, 11.34438947
15:25:00, 11.408675
15:26:00, 11.48464899
15:27:00, 11.56145523
15:28:00, 11.66870149
15:29:00, 11.70608453
15:30:00, 11.85194275
15:31:00, 11.93871111
15:32:00, 11.99722226
15:33:00, 12.12148694
15:34:00, 12.14209511
15:35:00, 12.2782549
15:36:00, 12.29446656
15:37:00, 12.42716115
15:38:00, 12.50490926
15:39:00, 12.57955623
15:40:00, 12.61143568
15:41:00, 12.78592524
15:42:00, 12.72375808
15:43:00, 12.79181581
15:44:00, 12.99942191
15:45:00, 13.05428121
15:46:00, 13.03498324
15:47:00, 12.97546275
15:48:00, 12.97717467
15:49:00, 13.15075743
15:50:00, 13.09940956
15:51:00, 13.19884482
15:52:00, 13.19543058
15:53:00, 13.18742169
15:54:00, 13.21267439
15:55:00, 13.23899068
15:56:00, 13.28137151
15:57:00, 13.31507595
15:58:00, 13.3190891
15:59:00, 13.18038733
16:00:00, 13.35711718
16:01:00, 13.25322328
16:02:00, 13.09680726
16:03:00, 13.1704189
16:04:00, 13.28148721
16:05:00, 13.29832518
16:06:00, 13.26155876
16:07:00, 12.99059198
16:08:00, 13.22699621
16:09:00, 13.11013265
16:10:00, 12.99008438
16:11:00, 13.09071199
16:12:00, 12.9438602
16:13:00, 13.10749562
16:14:00, 12.82297754
16:15:00, 12.74710862
16:16:00, 13.04679793
16:17:00, 12.75777115
16:18:00, 12.73436065
16:19:00, 12.62462565
16:20:00, 12.57707547
16:21:00, 12.7632165
16:22:00, 12.7095875
16:23:00, 12.65446958
16:24:00, 12.71731654
16:25:00, 12.56362317
16:26:00, 12.32657832
16:27:00, 12.47964063
16:28:00, 12.61412624
16:29:00, 12.52652796
16:30:00, 12.2144718
16:31:00, 12.57057405
16:32:00, 12.19834979
16:33:00, 12.295037
16:34:00, 12.58695199
16:35:00, 12.51095887
16:36:00, 12.38959581
16:37:00, 12.42395696
16:38:00, 12.32316339
16:39:00, 12.63690137
16:40:00, 12.69986683
16:41:00, 12.6045827
16:42:00, 12.74795116
16:43:00, 12.79440646
16:44:00, 13.01071692
16:45:00, 12.88633352
16:46:00, 12.87853005
16:47:00, 12.86896646
16:48:00, 12.94977343
16:49:00, 12.96204661
16:50:00, 12.95069456
16:51:00, 13.00800031
16:52:00, 13.08730422
16:53:00, 13.18799745
16:54:00, 13.50649935
16:55:00, 13.29814908
16:56:00, 13.20919554
16:57:00, 13.50481142
16:58:00, 13.64079672
16:59:00, 13.45532864
17:00:00, 13.43074297
17:01:00, 13.48485842
17:02:00, 13.64436868
17:03:00, 13.54535383
17:04:00, 13.62143259
17:05:00, 13.68655495
17:06:00, 13.58008651
17:07:00, 13.69414482
17:08:00, 13.8720217
17:09:00, 13.73262638
17:10:00, 13.5567625
17:11:00, 13.58731747
17:12:00, 13.54861793
17:13:00, 13.78840894
17:14:00, 13.66903669
17:15:00, 13.78768571
17:16:00, 13.50686619
17:17:00, 13.54800826
17:18:00, 13.6714555
17:19:00, 13.58936267
17:20:00, 13.37739076
17:21:00, 13.63126236
17:22:00, 13.28217771
17:23:00, 13.3182176
17:24:00, 13.47773402
17:25:00, 13.3714614
17:26:00, 13.23838624
17:27:00, 13.23473112
17:28:00, 13.02922704
17:29:00, 12.85203927
17:30:00, 13.01317163
17:31:00, 12.84335365
17:32:00, 12.79599578
17:33:00, 12.71586812
17:34:00, 12.63321693
17:35:00, 12.61784942
17:36:00, 12.50262983
17:37:00, 12.25971046
17:38:00, 12.34333605
17:39:00, 12.25110302
17:40:00, 12.22653164
17:41:00, 12.15485808
17:42:00, 11.99115822
17:43:00, 12.03304477
17:44:00, 11.98944269
17:45:00, 11.87571033
17:46:00, 11.86277127
17:47:00, 11.79896423
17:48:00, 11.77937565
17:49:00, 11.75588447
17:50:00, 11.7350862
17:51:00, 11.69662833
17:52:00, 11.75232712
17:53:00, 11.68775453
17:54:00, 11.74085157
17:55:00, 11.7117474
17:56:00, 11.70215427
17:57:00, 11.73973154
17:58:00, 11.73325596
17:59:00, 11.74558506
18:00:00, 11.75458435
18:01:00, 11.76369512
18:02:00, 11.78430623
18:03:00, 11.794999
18:04:00, 11.82403909
18:05:00, 11.80962043
18:06:00, 11.84116099
18:07:00, 11.88154925
18:08:00, 11.85652402
18:09:00, 11.94735538
18:10:00, 11.96457303
18:11:00, 12.00134315
18:12:00, 11.99778448
18:13:00, 11.95193229
18:14:00, 11.99985249
18:15:00, 12.05761891
18:16:00, 12.02399636
18:17:00, 12.14469611
18:18:00, 12.14878832
18:19:00, 12.20368951
18:20:00, 12.23583997
18:21:00, 12.12768711
18:22:00, 12.13803131
18:23:00, 12.31119932
18:24:00, 12.29653543
18:25:00, 12.24340951
18:26:00, 12.23851299
18:27:00, 12.19994269
18:28:00, 12.39070188
18:29:00, 12.39453319
18:30:00, 12.40598795
18:31:00, 12.3144911
18:32:00, 12.40545498
18:33:00, 12.234549
18:34:00, 12.25186301
18:35:00, 12.12765262
18:36:00, 12.28819393
18:37:00, 12.1682798
18:38:00, 12.14299306
18:39:00, 12.09423063
18:40:00, 11.97066815
18:41:00, 11.79340738
18:42:00, 11.87156992
18:43:00, 11.68460223
18:44:00, 11.52457875
18:45:00, 11.67058436
18:46:00, 11.56376056
18:47:00, 11.49203112
18:48:00, 11.27448304
18:49:00, 11.18954382
18:50:00, 11.37504279
18:51:00, 11.341289
18:52:00, 10.93621915
18:53:00, 11.01982386
18:54:00, 11.10222267
18:55:00, 10.87761151
18:56:00, 10.94144165
18:57:00, 10.94364968
18:58:00, 10.72659726
18:59:00, 10.6617548
19:00:00, 10.57084547
19:01:00, 10.82118634
19:02:00, 10.66154557
19:03:00, 10.60189895
19:04:00, 10.56159828
19:05:00, 10.78910803
19:06:00, 10.61648522
19:07:00, 10.45773214
19:08:00, 10.73878353
19:09:00, 10.64602253
19:10:00, 10.70698299
19:11:00, 10.48986967
19:12:00, 10.63850451
19:13:00, 10.37841688
19:14:00, 10.53146448
19:15:00, 10.69572526
19:16:00, 10.73514668
19:17:00, 10.47528493
19:18:00, 10.69080514
19:19:00, 10.65219871
19:20:00, 10.91113036
19:21:00, 10.75218792
19:22:00, 10.85233417
19:23:00, 10.92272484
19:24:00, 10.92753504
19:25:00, 10.97196674
19:26:00, 10.99122078
19:27:00, 10.9746612
19:28:00, 11.28805265
19:29:00, 11.31818702
19:30:00, 11.11561765
19:31:00, 11.28844186
19:32:00, 11.4449383
19:33:00, 11.30407276
19:34:00, 11.58558977
19:35:00, 11.59343172
19:36:00, 11.81527506
19:37:00, 11.65294605
19:38:00, 11.87944285
19:39:00, 11.8060364
19:40:00, 11.99624512
19:41:00, 11.93795734
19:42:00, 11.90356745
19:43:00, 12.17345497
19:44:00, 12.04013291
19:45:00, 11.97572812
19:46:00, 12.25712159
19:47:00, 11.93751391
19:48:00, 11.94781843
19:49:00, 12.10280827
19:50:00, 12.21531658
19:51:00, 12.06429307
19:52:00, 11.97659038
19:53:00, 12.18004394
19:54:00, 11.96555312
19:55:00, 12.10116147
19:56:00, 12.21953625
19:57:00, 12.19023374
19:58:00, 11.95608751
19:59:00, 12.06738191
20:00:00, 11.97522101
20:01:00, 11.96004358
20:02:00, 12.00116132
20:03:00, 11.89092799
20:04:00, 11.72857922
20:05:00, 11.72596499
20:06:00, 11.89497291
20:07:00, 11.66168781
20:08:00, 11.63234875
20:09:00, 11.68834763
20:10:00, 11.68078723
20:11:00, 11.62212424
20:12:00, 11.56525579
20:13:00, 11.61347689
20:14:00, 11.68388863
20:15:00, 11.5919774
20:16:00, 11.65494981
20:17:00, 11.51702127
20:18:00, 11.52965903
20:19:00, 11.52319614
20:20:00, 11.53709887
20:21:00, 11.58170646
20:22:00, 11.46637248
20:23:00, 11.47929902
20:24:00, 11.53756755
20:25:00, 11.59189321
20:26:00, 11.51757295
20:27:00, 11.59459863
20:28:00, 11.58205212
20:29:00, 11.60017922
20:30:00, 11.62657027
20:31:00, 11.63296154
20:32:00, 11.6659754
20:33:00, 11.7092801
20:34:00, 11.73936864
20:35:00, 11.78117999
20:36:00, 11.83277056
20:37:00, 11.89842862
20:38:00, 11.96100555
20:39:00, 12.02725397
20:40:00, 12.11337958
20:41:00, 12.1958697
20:42:00, 12.25775953
20:43:00, 12.33881438
20:44:00, 12.41347667
20:45:00, 12.52605395
20:46:00, 12.64880124
20:47:00, 12.74770621
20:48:00, 12.80660452
20:49:00, 12.92561199
20:50:00, 12.91557851
20:51:00, 13.08181988
20:52:00, 13.16009112
20:53:00, 13.21366947
20:54:00, 13.23299843
20:55:00, 13.31399119
20:56:00, 13.39682397
20:57:00, 13.5260258
20:58:00, 13.48663806
20:59:00, 13.5184635
21:00:00, 13.55350614
21:01:00, 13.69988644
21:02:00, 13.63784545
21:03:00, 13.83582651
21:04:00, 13.76530751
21:05:00, 13.79919547
21:06:00, 13.91416073
21:07:00, 13.79472777
21:08:00, 13.89636331
21:09:00, 13.80860695
21:10:00, 13.99913778
21:11:00, 13.86012603
21:12:00, 13.91945904
21:13:00, 13.78149414
21:14:00, 13.74519359
21:15:00, 13.96896333
21:16:00, 13.80236092
21:17:00, 13.76002277
21:18:00, 13.73203528
21:19:00, 13.89461176
21:20:00, 13.72276337
21:21:00, 13.65520193
21:22:00, 13.77270695
21:23:00, 13.72614565
21:24:00, 13.81830753
21:25:00, 13.71315523
21:26:00, 13.68631878
21:27:00, 13.43287363
21:28:00, 13.40667135
21:29:00, 13.48616183
21:30:00, 13.31230304
21:31:00, 13.34632522
21:32:00, 13.4538338
21:33:00, 13.26629358
21:34:00, 13.14152332
21:35:00, 13.4589577
21:36:00, 13.07180012
21:37:00, 13.35999341
21:38:00, 13.19426341
21:39:00, 13.2312025
21:40:00, 13.2270565
21:41:00, 13.05231397
21:42:00, 12.91373505
21:43:00, 12.99057191
21:44:00, 12.94144178
21:45:00, 13.12969204
21:46:00, 13.20132751
21:47:00, 13.21194658
21:48:00, 13.14471962
21:49:00, 13.01808397
21:50:00, 13.2022704
21:51:00, 13.06449605
21:52:00, 13.20241685
21:53:00, 13.23409706
21:54:00, 13.25638181
21:55:00, 13.22712442
21:56:00, 13.50895575
21:57:00, 13.20189814
21:58:00, 13.36243951
21:59:00, 13.45483063
22:00:00, 13.69014441
22:01:00, 13.78465779
22:02:00, 13.84502675
22:03:00, 13.53291629
22:04:00, 13.72684451
22:05:00, 14.00010088
22:06:00, 13.97265581
22:07:00, 14.04176364
22:08:00, 13.78835609
22:09:00, 13.85770733
22:10:00, 13.94907232
22:11:00, 13.87614746
22:12:00, 13.91892243
22:13:00, 14.06105697
22:14:00, 14.26415805
22:15:00, 14.08182399
22:16:00, 14.12848062
22:17:00, 14.14145393
22:18:00, 14.17498432
22:19:00, 14.32206901
22:20:00, 14.33344337
22:21:00, 14.33994514
22:22:00, 14.44089617
22:23:00, 14.15841449
22:24:00, 14.27700443
22:25:00, 14.14462263
22:26:00, 14.14133044
22:27:00, 14.22695532
22:28:00, 14.21240018
22:29:00, 14.28929187
22:30:00, 14.31859179
22:31:00, 14.1818133
22:32:00, 14.38647271
22:33:00, 14.05173534
22:34:00, 14.09759547
22:35:00, 14.04895799
22:36:00, 14.13838306
22:37:00, 13.90428991
22:38:00, 13.84113027
22:39:00, 13.882798
22:40:00, 13.97941103
22:41:00, 13.91055911
22:42:00, 13.73796515
22:43:00, 13.69348811
22:44:00, 13.63922406
22:45:00, 13.47435863
22:46:00, 13.44720656
22:47:00, 13.31565401
22:48:00, 13.27958549
22:49:00, 13.08084843
22:50:00, 13.14235356
22:51:00, 12.98471319
22:52:00, 12.94580812
22:53:00, 12.93502579
22:54:00, 12.71282594
22:55:00, 12.7757745
22:56:00, 12.66744644
22:57:00, 12.6589546
22:58:00, 12.54447215
22:59:00, 12.5004312
23:00:00, 12.45570496
23:01:00, 12.4045441
23:02:00, 12.46138586
23:03:00, 12.40518171
23:04:00, 12.36410114
23:05:00, 12.32116683
23:06:00, 12.36670292
23:07:00, 12.3212439
23:08:00, 12.33356936
23:09:00, 12.32004578
23:10:00, 12.35018065
23:11:00, 12.36319826
23:12:00, 12.36121206
23:13:00, 12.37425941
23:14:00, 12.38265596
23:15:00, 12.39101833
23:16:00, 12.40086209
23:17:00, 12.42289042
23:18:00, 12.43761097
23:19:00, 12.43894894
23:20:00, 12.45258527
23:21:00, 12.51478165
23:22:00, 12.55246905
23:23:00, 12.57715785
23:24:00, 12.57492302
23:25:00, 12.57214765
23:26:00, 12.58153414
23:27:00, 12.64417246
23:28:00, 12.70193078
23:29:00, 12.67900315
23:30:00, 12.70692504
23:31:00, 12.78976601
23:32:00, 12.82819341
23:33:00, 12.82294748
23:34:00, 12.74326718
23:35:00, 12.90171319
23:36:00, 12.86568366
23:37:00, 12.78951588
23:38:00, 12.96138182
23:39:00, 12.91368722
23:40:00, 12.93856609
23:41:00, 12.85642678
23:42:00, 12.98564429
23:43:00, 12.87497475
23:44:00, 12.89294129
23:45:00, 12.80084976
23:46:00, 12.94102941
23:47:00, 12.89830099
23:48:00, 12.97991124
23:49:00, 12.69560309
23:50:00, 12.87727731
23:51:00, 12.73855656
23:52:00, 12.66289603
23:53:00, 12.49016401
23:54:00, 12.69901916
23:55:00, 12.57331247
23:56:00, 12.58216831
23:57:00, 12.2173395
23:58:00, 12.15567622
23:59:00, 12.13322796
00:00:00, 12.20980433
