Time, Value
01/01/21 00:20:00, 14.5907192
01/01/21 00:40:00, 14.60347103
01/01/21 01:00:00, 14.12167292
01/01/21 01:20:00, 14.45879259
01/01/21 01:40:00, 14.25684052
01/01/21 02:00:00, 14.45179218
01/01/21 02:20:00, 14.01930582
01/01/21 02:40:00, 14.20309335
01/01/21 03:00:00, 14.50750942
01/01/21 03:20:00, 14.31284792
01/01/21 03:40:00, 14.07765018
01/01/21 04:00:00, 14.29651833
01/01/21 04:20:00, 14.28826239
01/01/21 04:40:00, 14.01377864
01/01/21 05:00:00, 14.1108256
01/01/21 05:20:00, 13.83247897
01/01/21 05:40:00, 14.16408544
01/01/21 06:00:00, 14.03830441
01/01/21 06:20:00, 14.05451035
01/01/21 06:40:00, 13.7340433
01/01/21 07:00:00, 13.83018393
01/01/21 07:20:00, 13.76271017
01/01/21 07:40:00, 13.7387115
01/01/21 08:00:00, 13.45781401
01/01/21 08:20:00, 13.61281917
01/01/21 08:40:00, 13.34164052
01/01/21 09:00:00, 13.40392478
01/01/21 09:20:00, 13.47720834
01/01/21 09:40:00, 13.24731396
01/01/21 10:00:00, 13.14637785
01/01/21 10:20:00, 13.3877083
01/01/21 10:40:00, 13.25152378
01/01/21 11:00:00, 13.16170692
01/01/21 11:20:00, 13.1454523
01/01/21 11:40:00, 13.01808798
01/01/21 12:00:00, 12.89507138
01/01/21 12:20:00, 12.83855828
01/01/21 12:40:00, 12.65023048
01/01/21 13:00:00, 12.66770553
01/01/21 13:20:00, 12.6164047
01/01/21 13:40:00, 12.52849688
01/01/21 14:00:00, 12.39633638
01/01/21 14:20:00, 12.28458446
01/01/21 14:40:00, 12.2316975
01/01/21 15:00:00, 12.15404132
01/01/21 15:20:00, 12.1383787
01/01/21 15:40:00, 12.00801425
01/01/21 16:00:00, 11.9293857
01/01/21 16:20:00, 11.81449394
01/01/21 16:40:00, 11.70570787
01/01/21 17:00:00, 11.65633249
01/01/21 17:20:00, 11.57777022
01/01/21 17:40:00, 11.4549615
01/01/21 18:00:00, 11.35151599
01/01/21 18:20:00, 11.27524961
01/01/21 18:40:00, 11.18969697
01/01/21 19:00:00, 11.0893985
01/01/21 19:20:00, 10.99940614
01/01/21 19:40:00, 10.90371555
01/01/21 20:00:00, 10.80449585
01/01/21 20:20:00, 10.72962555
01/01/21 20:40:00, 10.65979855
01/01/21 21:00:00, 10.55032244
01/01/21 21:20:00, 10.44868989
01/01/21 21:40:00, 10.41518518
01/01/21 22:00:00, 10.3312068
01/01/21 22:20:00, 10.14699196
01/01/21 22:40:00, 10.09678018
01/01/21 23:00:00, 9.967469862
01/01/21 23:20:00, 9.876136486
01/01/21 23:40:00, 9.801117523
02/01/21 00:00:00, 9.798556903
02/01/21 00:20:00, 9.685461669
02/01/21 00:40:00, 9.506746121
02/01/21 01:00:00, 9.458929942
02/01/21 01:20:00, 9.263855751
02/01/21 01:40:00, 9.212692753
02/01/21 02:00:00, 9.112406141
02/01/21 02:20:00, 9.278403725
02/01/21 02:40:00, 9.0651828
02/01/21 03:00:00, 8.807193039
02/01/21 03:20:00, 8.985500129
02/01/21 03:40:00, 8.924166307
02/01/21 04:00:00, 8.877002871
02/01/21 04:20:00, 8.518853829
02/01/21 04:40:00, 8.712724629
02/01/21 05:00:00, 8.563063024
02/01/21 05:20:00, 8.354833276
02/01/21 05:40:00, 8.416384177
02/01/21 06:00:00, 8.253058451
02/01/21 06:20:00, 8.249431837
02/01/21 06:40:00, 7.962590203
02/01/21 07:00:00, 7.932544824
02/01/21 07:20:00, 7.857150832
02/01/21 07:40:00, 7.814409551
02/01/21 08:00:00, 7.777659818
02/01/21 08:20:00, 7.710778569
02/01/21 08:40:00, 7.832010819
02/01/21 09:00:00, 7.579173622
02/01/21 09:20:00, 7.625387207
02/01/21 09:40:00, 7.769674316
02/01/21 10:00:00, 7.597119702
02/01/21 10:20:00, 7.339473719
02/01/21 10:40:00, 7.44067934
02/01/21 11:00:00, 7.486631391
02/01/21 11:20:00, 7.350453697
02/01/21 11:40:00, 7.601647177
02/01/21 12:00:00, 7.326642306
02/01/21 12:20:00, 6.930709778
02/01/21 12:40:00, 7.3942665
02/01/21 13:00:00, 7.210158184
02/01/21 13:20:00, 7.212715111
02/01/21 13:40:00, 7.059731701
02/01/21 14:00:00, 7.008486121
02/01/21 14:20:00, 7.225156735
02/01/21 14:40:00, 6.951619013
02/01/21 15:00:00, 6.860366857
02/01/21 15:20:00, 6.674326159
02/01/21 15:40:00, 6.919119556
02/01/21 16:00:00, 6.761379942
02/01/21 16:20:00, 6.797212925
02/01/21 16:40:00, 7.154337966
02/01/21 17:00:00, 6.733246621
02/01/21 17:20:00, 6.587664565
02/01/21 17:40:00, 6.768905842
02/01/21 18:00:00, 6.755926199
02/01/21 18:20:00, 7.170544566
02/01/21 18:40:00, 6.657672268
02/01/21 19:00:00, 6.513690474
02/01/21 19:20:00, 6.971314855
02/01/21 19:40:00, 6.936244416
02/01/21 20:00:00, 6.952444644
02/01/21 20:20:00, 6.534723776
02/01/21 20:40:00, 6.568510632
02/01/21 21:00:00, 6.891871886
02/01/21 21:20:00, 6.618310306
02/01/21 21:40:00, 6.954686726
02/01/21 22:00:00, 6.748465069
02/01/21 22:20:00, 7.147989752
02/01/21 22:40:00, 7.011210002
02/01/21 23:00:00, 6.842385018
02/01/21 23:20:00, 7.3701295
02/01/21 23:40:00, 7.227000836
03/01/21 00:00:00, 7.056271329
03/01/21 00:20:00, 7.18778137
03/01/21 00:40:00, 7.509112851
03/01/21 01:00:00, 6.949867073
03/01/21 01:20:00, 7.23058266
03/01/21 01:40:00, 7.487786915
03/01/21 02:00:00, 7.308408556
03/01/21 02:20:00, 7.112690288
03/01/21 02:40:00, 7.658311714
03/01/21 03:00:00, 7.231757259
03/01/21 03:20:00, 7.691988971
03/01/21 03:40:00, 7.848632301
03/01/21 04:00:00, 7.538679719
03/01/21 04:20:00, 7.706429826
03/01/21 04:40:00, 7.750641431
03/01/21 05:00:00, 8.043034498
03/01/21 05:20:00, 8.109097866
03/01/21 05:40:00, 7.869310319
03/01/21 06:00:00, 8.382036116
03/01/21 06:20:00, 7.871145552
03/01/21 06:40:00, 8.009145076
03/01/21 07:00:00, 8.495987977
03/01/21 07:20:00, 8.358512114
03/01/21 07:40:00, 8.265240366
03/01/21 08:00:00, 8.464133359
03/01/21 08:20:00, 8.583313403
03/01/21 08:40:00, 8.52982542
03/01/21 09:00:00, 8.711327893
03/01/21 09:20:00, 8.660315065
03/01/21 09:40:00, 8.79862255
03/01/21 10:00:00, 9.243347023
03/01/21 10:20:00, 9.289637528
03/01/21 10:40:00, 9.478972144
03/01/21 11:00:00, 9.581486119
03/01/21 11:20:00, 9.254226763
03/01/21 11:40:00, 9.416844335
03/01/21 12:00:00, 9.572992616
03/01/21 12:20:00, 9.811301081
03/01/21 12:40:00, 9.744581303
03/01/21 13:00:00, 9.968372736
03/01/21 13:20:00, 10.2131111
03/01/21 13:40:00, 10.30437418
03/01/21 14:00:00, 10.1362583
03/01/21 14:20:00, 10.42844424
03/01/21 14:40:00, 10.53274881
03/01/21 15:00:00, 10.71038613
03/01/21 15:20:00, 10.85092876
03/01/21 15:40:00, 10.88071993
03/01/21 16:00:00, 11.08218711
03/01/21 16:20:00, 11.14143553
03/01/21 16:40:00, 11.4038336
03/01/21 17:00:00, 11.52389676
03/01/21 17:20:00, 11.39566679
03/01/21 17:40:00, 11.61052044
03/01/21 18:00:00, 11.8488087
03/01/21 18:20:00, 11.88831289
03/01/21 18:40:00, 12.05770157
03/01/21 19:00:00, 12.09872461
03/01/21 19:20:00, 12.21934964
03/01/21 19:40:00, 12.50224253
03/01/21 20:00:00, 12.54229929
03/01/21 20:20:00, 12.6489726
03/01/21 20:40:00, 12.84535416
03/01/21 21:00:00, 12.96787919
03/01/21 21:20:00, 13.06353209
03/01/21 21:40:00, 13.21340943
03/01/21 22:00:00, 13.30325017
03/01/21 22:20:00, 13.42901927
03/01/21 22:40:00, 13.59041884
03/01/21 23:00:00, 13.72445964
03/01/21 23:20:00, 13.84742018
03/01/21 23:40:00, 13.98232728
04/01/21 00:00:00, 14.10693134
04/01/21 00:20:00, 14.23365212
04/01/21 00:40:00, 14.38738757
04/01/21 01:00:00, 14.52618304
04/01/21 01:20:00, 14.65602146
04/01/21 01:40:00, 14.74643747
04/01/21 02:00:00, 14.90486592
04/01/21 02:20:00, 15.0618818
04/01/21 02:40:00, 15.0965886
04/01/21 03:00:00, 15.30773431
04/01/21 03:20:00, 15.42109211
04/01/21 03:40:00, 15.48176084
04/01/21 04:00:00, 15.76308756
04/01/21 04:20:00, 15.75405481
04/01/21 04:40:00, 15.84092094
04/01/21 05:00:00, 16.07998107
04/01/21 05:20:00, 16.06233194
04/01/21 05:40:00, 16.22796455
04/01/21 06:00:00, 16.28964799
04/01/21 06:20:00, 16.51951261
04/01/21 06:40:00, 16.72234477
04/01/21 07:00:00, 16.65331264
04/01/21 07:20:00, 16.8453887
04/01/21 07:40:00, 16.98837103
04/01/21 08:00:00, 17.19692342
04/01/21 08:20:00, 17.34565047
04/01/21 08:40:00, 17.5207834
04/01/21 09:00:00, 17.610374
04/01/21 09:20:00, 17.77770336
04/01/21 09:40:00, 17.77143362
04/01/21 10:00:00, 17.9556199
04/01/21 10:20:00, 18.04046824
04/01/21 10:40:00, 18.03203521
04/01/21 11:00:00, 18.20638866
04/01/21 11:20:00, 18.29318248
04/01/21 11:40:00, 18.3161672
04/01/21 12:00:00, 18.31546523
04/01/21 12:20:00, 18.59264573
04/01/21 12:40:00, 18.3851461
04/01/21 13:00:00, 18.83313725
04/01/21 13:20:00, 18.85977962
04/01/21 13:40:00, 18.98894247
04/01/21 14:00:00, 18.72750512
04/01/21 14:20:00, 19.19087675
04/01/21 14:40:00, 18.92099422
04/01/21 15:00:00, 19.07292898
04/01/21 15:20:00, 19.13946968
04/01/21 15:40:00, 19.55520314
04/01/21 16:00:00, 19.54671366
04/01/21 16:20:00, 19.40638998
04/01/21 16:40:00, 19.80594314
04/01/21 17:00:00, 19.61800679
04/01/21 17:20:00, 20.0340124
04/01/21 17:40:00, 19.7819865
04/01/21 18:00:00, 19.88844305
04/01/21 18:20:00, 19.89214327
04/01/21 18:40:00, 20.29860413
04/01/21 19:00:00, 19.8554014
04/01/21 19:20:00, 19.97430615
04/01/21 19:40:00, 20.24632168
04/01/21 20:00:00, 20.16638894
04/01/21 20:20:00, 20.30297758
04/01/21 20:40:00, 20.12211318
04/01/21 21:00:00, 20.25550637
04/01/21 21:20:00, 20.61864431
04/01/21 21:40:00, 20.34218947
04/01/21 22:00:00, 20.29652512
04/01/21 22:20:00, 20.3580362
04/01/21 22:40:00, 20.75718314
04/01/21 23:00:00, 20.59260878
04/01/21 23:20:00, 20.59496762
04/01/21 23:40:00, 20.38657207
05/01/21 00:00:00, 20.57000579
05/01/21 00:20:00, 20.78291704
05/01/21 00:40:00, 20.86066393
05/01/21 01:00:00, 20.94112373
05/01/21 01:20:00, 20.51099385
05/01/21 01:40:00, 20.58932413
05/01/21 02:00:00, 20.77378241
05/01/21 02:20:00, 20.49666899
05/01/21 02:40:00, 21.13905151
05/01/21 03:00:00, 20.61820204
05/01/21 03:20:00, 20.70026288
05/01/21 03:40:00, 20.69553585
05/01/21 04:00:00, 20.80118871
05/01/21 04:20:00, 20.89478227
05/01/21 04:40:00, 21.04397809
05/01/21 05:00:00, 21.06253035
05/01/21 05:20:00, 20.673901
05/01/21 05:40:00, 20.87842521
05/01/21 06:00:00, 20.46669607
05/01/21 06:20:00, 20.55774947
05/01/21 06:40:00, 20.73602487
05/01/21 07:00:00, 20.64184102
05/01/21 07:20:00, 20.46433049
05/01/21 07:40:00, 20.56107059
05/01/21 08:00:00, 20.74361227
05/01/21 08:20:00, 20.53619994
05/01/21 08:40:00, 20.2887623
05/01/21 09:00:00, 20.3223413
05/01/21 09:20:00, 20.65013924
05/01/21 09:40:00, 20.62402123
05/01/21 10:00:00, 20.51526978
05/01/21 10:20:00, 20.61179183
05/01/21 10:40:00, 20.09924986
05/01/21 11:00:00, 20.53408054
05/01/21 11:20:00, 20.26595986
05/01/21 11:40:00, 20.03930697
05/01/21 12:00:00, 20.3799122
05/01/21 12:20:00, 19.7648328
05/01/21 12:40:00, 19.99838092
05/01/21 13:00:00, 19.67799069
05/01/21 13:20:00, 19.82255016
05/01/21 13:40:00, 20.02124421
05/01/21 14:00:00, 19.47004238
05/01/21 14:20:00, 19.5745626
05/01/21 14:40:00, 19.34953105
05/01/21 15:00:00, 19.32867431
05/01/21 15:20:00, 19.614638
05/01/21 15:40:00, 19.3484225
05/01/21 16:00:00, 19.19966915
05/01/21 16:20:00, 19.42606828
05/01/21 16:40:00, 18.9880635
05/01/21 17:00:00, 19.25330121
05/01/21 17:20:00, 18.81074106
05/01/21 17:40:00, 18.72261509
05/01/21 18:00:00, 19.02594614
05/01/21 18:20:00, 18.71524807
05/01/21 18:40:00, 18.71895399
05/01/21 19:00:00, 18.74749451
05/01/21 19:20:00, 18.33663478
05/01/21 19:40:00, 18.46974338
05/01/21 20:00:00, 18.15927813
05/01/21 20:20:00, 18.11118612
05/01/21 20:40:00, 18.109937
05/01/21 21:00:00, 17.90646159
05/01/21 21:20:00, 17.97133195
05/01/21 21:40:00, 17.92898985
05/01/21 22:00:00, 17.77295651
05/01/21 22:20:00, 17.60828056
05/01/21 22:40:00, 17.51078861
05/01/21 23:00:00, 17.42028278
05/01/21 23:20:00, 17.19087656
05/01/21 23:40:00, 17.12560574
06/01/21 00:00:00, 17.08101882
06/01/21 00:20:00, 16.95150882
06/01/21 00:40:00, 16.81797114
06/01/21 01:00:00, 16.79329231
06/01/21 01:20:00, 16.68501551
06/01/21 01:40:00, 16.5648343
06/01/21 02:00:00, 16.45977427
06/01/21 02:20:00, 16.30190628
06/01/21 02:40:00, 16.21666697
06/01/21 03:00:00, 16.09282843
06/01/21 03:20:00, 16.00082385
06/01/21 03:40:00, 15.90758283
06/01/21 04:00:00, 15.78862122
06/01/21 04:20:00, 15.67659665
06/01/21 04:40:00, 15.56788166
06/01/21 05:00:00, 15.46236393
06/01/21 05:20:00, 15.33680439
06/01/21 05:40:00, 15.22255093
06/01/21 06:00:00, 15.09680923
06/01/21 06:20:00, 14.98111728
06/01/21 06:40:00, 14.93074707
06/01/21 07:00:00, 14.79104873
06/01/21 07:20:00, 14.70198452
06/01/21 07:40:00, 14.68668947
06/01/21 08:00:00, 14.55062188
06/01/21 08:20:00, 14.3245954
06/01/21 08:40:00, 14.38419789
06/01/21 09:00:00, 14.20632585
06/01/21 09:20:00, 14.00051632
06/01/21 09:40:00, 13.87693422
06/01/21 10:00:00, 13.97301725
06/01/21 10:20:00, 13.84663971
06/01/21 10:40:00, 13.76230157
06/01/21 11:00:00, 13.47671151
06/01/21 11:20:00, 13.47331167
06/01/21 11:40:00, 13.31755927
06/01/21 12:00:00, 13.19249313
06/01/21 12:20:00, 13.30038312
06/01/21 12:40:00, 13.15958358
06/01/21 13:00:00, 13.15921938
06/01/21 13:20:00, 12.92445287
06/01/21 13:40:00, 13.02821904
06/01/21 14:00:00, 12.79624815
06/01/21 14:20:00, 12.64555488
06/01/21 14:40:00, 12.7171335
06/01/21 15:00:00, 12.62051532
06/01/21 15:20:00, 12.40034455
06/01/21 15:40:00, 12.31635447
06/01/21 16:00:00, 12.02423667
06/01/21 16:20:00, 12.06777176
06/01/21 16:40:00, 11.92688932
06/01/21 17:00:00, 11.80037043
06/01/21 17:20:00, 11.922542
06/01/21 17:40:00, 12.06384474
06/01/21 18:00:00, 11.79534878
06/01/21 18:20:00, 11.64963557
06/01/21 18:40:00, 11.44119913
06/01/21 19:00:00, 11.33921931
06/01/21 19:20:00, 11.30612854
06/01/21 19:40:00, 11.6410809
06/01/21 20:00:00, 11.27322266
06/01/21 20:20:00, 11.07850501
06/01/21 20:40:00, 11.55727326
06/01/21 21:00:00, 11.2306606
06/01/21 21:20:00, 10.97447759
06/01/21 21:40:00, 10.85680086
06/01/21 22:00:00, 11.29193463
06/01/21 22:20:00, 10.74348457
06/01/21 22:40:00, 11.13498418
06/01/21 23:00:00, 10.74637863
06/01/21 23:20:00, 10.97457347
06/01/21 23:40:00, 10.5842717
07/01/21 00:00:00, 10.67384185
07/01/21 00:20:00, 10.76971117
07/01/21 00:40:00, 10.52224244
07/01/21 01:00:00, 10.54538008
07/01/21 01:20:00, 10.50401814
07/01/21 01:40:00, 10.93710451
07/01/21 02:00:00, 10.42812244
07/01/21 02:20:00, 10.49964342
07/01/21 02:40:00, 10.39946067
07/01/21 03:00:00, 10.33941124
07/01/21 03:20:00, 10.70041571
07/01/21 03:40:00, 10.5726728
07/01/21 04:00:00, 10.32253872
07/01/21 04:20:00, 10.90388027
07/01/21 04:40:00, 10.60766913
07/01/21 05:00:00, 10.81067682
07/01/21 05:20:00, 10.36912795
07/01/21 05:40:00, 10.40550804
07/01/21 06:00:00, 10.76331009
07/01/21 06:20:00, 10.91717469
07/01/21 06:40:00, 10.46067467
07/01/21 07:00:00, 10.89032198
07/01/21 07:20:00, 10.64342076
07/01/21 07:40:00, 10.64411706
07/01/21 08:00:00, 10.62493704
07/01/21 08:20:00, 10.59781523
07/01/21 08:40:00, 10.86480655
07/01/21 09:00:00, 10.83525218
07/01/21 09:20:00, 10.45793313
07/01/21 09:40:00, 10.79531853
07/01/21 10:00:00, 10.91624487
07/01/21 10:20:00, 10.68221035
07/01/21 10:40:00, 10.75229463
07/01/21 11:00:00, 11.22754043
07/01/21 11:20:00, 11.28229264
07/01/21 11:40:00, 11.15707921
07/01/21 12:00:00, 10.77984422
07/01/21 12:20:00, 11.26830612
07/01/21 12:40:00, 11.44786371
07/01/21 13:00:00, 11.04395268
07/01/21 13:20:00, 11.51309852
07/01/21 13:40:00, 11.37983445
07/01/21 14:00:00, 11.14809572
07/01/21 14:20:00, 11.36373129
07/01/21 14:40:00, 11.70115359
07/01/21 15:00:00, 11.7122776
07/01/21 15:20:00, 11.47888029
07/01/21 15:40:00, 11.47377747
07/01/21 16:00:00, 11.6343528
07/01/21 16:20:00, 12.02246465
07/01/21 16:40:00, 11.87038669
07/01/21 17:00:00, 12.21472605
07/01/21 17:20:00, 11.89087996
07/01/21 17:40:00, 12.25764711
07/01/21 18:00:00, 12.1921613
07/01/21 18:20:00, 12.52434892
07/01/21 18:40:00, 12.60698221
07/01/21 19:00:00, 12.40614306
07/01/21 19:20:00, 12.49448334
07/01/21 19:40:00, 12.68406233
07/01/21 20:00:00, 12.55523927
07/01/21 20:20:00, 12.824444
07/01/21 20:40:00, 12.83447071
07/01/21 21:00:00, 12.97144251
07/01/21 21:20:00, 13.1369804
07/01/21 21:40:00, 13.04667573
07/01/21 22:00:00, 13.32980178
07/01/21 22:20:00, 13.49368383
07/01/21 22:40:00, 13.36641587
07/01/21 23:00:00, 13.75264642
07/01/21 23:20:00, 13.94848972
07/01/21 23:40:00, 13.94607912
08/01/21 00:00:00, 14.06603812
08/01/21 00:20:00, 13.92383041
08/01/21 00:40:00, 14.26037851
08/01/21 01:00:00, 14.19777599
08/01/21 01:20:00, 14.29191113
08/01/21 01:40:00, 14.60843138
08/01/21 02:00:00, 14.63316738
08/01/21 02:20:00, 14.68738328
08/01/21 02:40:00, 14.81020417
08/01/21 03:00:00, 14.98270746
08/01/21 03:20:00, 15.2069868
08/01/21 03:40:00, 15.18597851
08/01/21 04:00:00, 15.3323224
08/01/21 04:20:00, 15.4378734
08/01/21 04:40:00, 15.58100791
08/01/21 05:00:00, 15.76070979
08/01/21 05:20:00, 15.90827291
08/01/21 05:40:00, 15.94592221
08/01/21 06:00:00, 16.0536885
08/01/21 06:20:00, 16.23248125
08/01/21 06:40:00, 16.3787141
08/01/21 07:00:00, 16.47229946
08/01/21 07:20:00, 16.60700956
08/01/21 07:40:00, 16.71649639
08/01/21 08:00:00, 16.85592954
08/01/21 08:20:00, 16.97273088
08/01/21 08:40:00, 17.09576532
08/01/21 09:00:00, 17.21355175
08/01/21 09:20:00, 17.34090855
08/01/21 09:40:00, 17.46566287
08/01/21 10:00:00, 17.62302264
08/01/21 10:20:00, 17.718246
08/01/21 10:40:00, 17.79477275
08/01/21 11:00:00, 18.00461166
08/01/21 11:20:00, 18.09688311
08/01/21 11:40:00, 18.287683
08/01/21 12:00:00, 18.29446356
08/01/21 12:20:00, 18.37797493
08/01/21 12:40:00, 18.55689015
08/01/21 13:00:00, 18.61781653
08/01/21 13:20:00, 18.75958356
08/01/21 13:40:00, 18.9245872
08/01/21 14:00:00, 19.15268542
08/01/21 14:20:00, 19.1244544
08/01/21 14:40:00, 19.23225216
08/01/21 15:00:00, 19.53493909
08/01/21 15:20:00, 19.45888966
08/01/21 15:40:00, 19.55782154
08/01/21 16:00:00, 19.7585276
08/01/21 16:20:00, 19.85342727
08/01/21 16:40:00, 20.12195986
08/01/21 17:00:00, 19.99032197
08/01/21 17:20:00, 20.14149243
08/01/21 17:40:00, 20.17054476
08/01/21 18:00:00, 20.29043567
08/01/21 18:20:00, 20.53397047
08/01/21 18:40:00, 20.60340863
08/01/21 19:00:00, 20.76032433
08/01/21 19:20:00, 20.88670197
08/01/21 19:40:00, 20.97320163
08/01/21 20:00:00, 21.0954607
08/01/21 20:20:00, 21.1633612
08/01/21 20:40:00, 21.07352466
08/01/21 21:00:00, 21.46163566
08/01/21 21:20:00, 21.17468411
08/01/21 21:40:00, 21.21087535
08/01/21 22:00:00, 21.5114856
08/01/21 22:20:00, 21.39257438
08/01/21 22:40:00, 21.55712921
08/01/21 23:00:00, 21.88230788
08/01/21 23:20:00, 22.10984831
08/01/21 23:40:00, 22.23431351
09/01/21 00:00:00, 21.90792215
09/01/21 00:20:00, 21.90523945
09/01/21 00:40:00, 22.1169305
09/01/21 01:00:00, 21.98897503
09/01/21 01:20:00, 22.51841194
09/01/21 01:40:00, 22.40031634
09/01/21 02:00:00, 22.6579732
09/01/21 02:20:00, 22.22110587
09/01/21 02:40:00, 22.46256576
09/01/21 03:00:00, 22.58899072
09/01/21 03:20:00, 22.55288519
09/01/21 03:40:00, 23.01441195
09/01/21 04:00:00, 22.68890222
09/01/21 04:20:00, 23.01992247
09/01/21 04:40:00, 23.00702802
09/01/21 05:00:00, 23.03703954
09/01/21 05:20:00, 22.75728145
09/01/21 05:40:00, 23.27208471
09/01/21 06:00:00, 23.35218729
09/01/21 06:20:00, 23.34485494
09/01/21 06:40:00, 22.80392473
09/01/21 07:00:00, 22.91985608
09/01/21 07:20:00, 23.37659
09/01/21 07:40:00, 23.04001261
09/01/21 08:00:00, 23.39052539
09/01/21 08:20:00, 22.94885627
09/01/21 08:40:00, 23.41677672
09/01/21 09:00:00, 23.58144991
09/01/21 09:20:00, 23.24961296
09/01/21 09:40:00, 23.5818782
09/01/21 10:00:00, 23.11151248
09/01/21 10:20:00, 23.34732742
09/01/21 10:40:00, 23.29119332
09/01/21 11:00:00, 23.59492363
09/01/21 11:20:00, 23.65796988
09/01/21 11:40:00, 23.29348952
09/01/21 12:00:00, 23.49457081
09/01/21 12:20:00, 23.30063613
09/01/21 12:40:00, 23.17855809
09/01/21 13:00:00, 23.65818878
09/01/21 13:20:00, 23.61032918
09/01/21 13:40:00, 23.3100741
09/01/21 14:00:00, 23.28073088
09/01/21 14:20:00, 23.09861015
09/01/21 14:40:00, 23.04216845
09/01/21 15:00:00, 23.36022045
09/01/21 15:20:00, 22.97413199
09/01/21 15:40:00, 23.31338649
09/01/21 16:00:00, 23.06342036
09/01/21 16:20:00, 23.34317929
09/01/21 16:40:00, 23.36836139
09/01/21 17:00:00, 23.18515786
09/01/21 17:20:00, 23.17604995
09/01/21 17:40:00, 22.76620295
09/01/21 18:00:00, 23.21409922
09/01/21 18:20:00, 22.74165547
09/01/21 18:40:00, 22.97728147
09/01/21 19:00:00, 22.95610835
09/01/21 19:20:00, 22.55690302
09/01/21 19:40:00, 22.76088126
09/01/21 20:00:00, 22.71501889
09/01/21 20:20:00, 22.88086696
09/01/21 20:40:00, 22.50016716
09/01/21 21:00:00, 22.75210447
09/01/21 21:20:00, 22.21858034
09/01/21 21:40:00, 22.18620682
09/01/21 22:00:00, 22.03597095
09/01/21 22:20:00, 22.18907273
09/01/21 22:40:00, 22.18584133
09/01/21 23:00:00, 21.8094884
09/01/21 23:20:00, 21.94804553
09/01/21 23:40:00, 21.85709686
10/01/21 00:00:00, 21.86446847
10/01/21 00:20:00, 21.70372221
10/01/21 00:40:00, 21.6841232
10/01/21 01:00:00, 21.63442075
10/01/21 01:20:00, 21.73418516
10/01/21 01:40:00, 21.58072833
10/01/21 02:00:00, 21.12418408
10/01/21 02:20:00, 21.36528007
10/01/21 02:40:00, 21.31951286
10/01/21 03:00:00, 21.01938063
10/01/21 03:20:00, 21.07985915
10/01/21 03:40:00, 21.03117369
10/01/21 04:00:00, 20.61420486
10/01/21 04:20:00, 20.51632638
10/01/21 04:40:00, 20.78292664
10/01/21 05:00:00, 20.41657207
10/01/21 05:20:00, 20.40783831
10/01/21 05:40:00, 20.34425465
10/01/21 06:00:00, 20.26322469
10/01/21 06:20:00, 20.01408431
10/01/21 06:40:00, 19.94036588
10/01/21 07:00:00, 19.79054477
10/01/21 07:20:00, 19.76380408
10/01/21 07:40:00, 19.57670744
10/01/21 08:00:00, 19.60392752
10/01/21 08:20:00, 19.50954149
10/01/21 08:40:00, 19.43521045
10/01/21 09:00:00, 19.18146254
10/01/21 09:20:00, 19.13622617
10/01/21 09:40:00, 19.08942984
10/01/21 10:00:00, 18.91040966
10/01/21 10:20:00, 18.82679377
10/01/21 10:40:00, 18.65302095
10/01/21 11:00:00, 18.61027658
10/01/21 11:20:00, 18.48186988
10/01/21 11:40:00, 18.33835954
10/01/21 12:00:00, 18.23534256
10/01/21 12:20:00, 18.13544958
10/01/21 12:40:00, 18.02466673
10/01/21 13:00:00, 17.90930901
10/01/21 13:20:00, 17.80623513
10/01/21 13:40:00, 17.67482719
10/01/21 14:00:00, 17.56093492
10/01/21 14:20:00, 17.48550081
10/01/21 14:40:00, 17.31353295
10/01/21 15:00:00, 17.23266387
10/01/21 15:20:00, 17.10318218
10/01/21 15:40:00, 17.0367337
10/01/21 16:00:00, 16.89879741
10/01/21 16:20:00, 16.72681658
10/01/21 16:40:00, 16.64657959
10/01/21 17:00:00, 16.49151442
10/01/21 17:20:00, 16.39802186
10/01/21 17:40:00, 16.46651125
10/01/21 18:00:00, 16.13875914
10/01/21 18:20:00, 16.27262534
10/01/21 18:40:00, 15.93690996
10/01/21 19:00:00, 16.03635106
10/01/21 19:20:00, 15.86300846
10/01/21 19:40:00, 15.84933744
10/01/21 20:00:00, 15.56500862
10/01/21 20:20:00, 15.44998318
10/01/21 20:40:00, 15.49997848
10/01/21 21:00:00, 15.21363364
10/01/21 21:20:00, 15.09117465
10/01/21 21:40:00, 15.15449761
10/01/21 22:00:00, 15.05708763
10/01/21 22:20:00, 14.96116353
10/01/21 22:40:00, 14.77225881
10/01/21 23:00:00, 14.73776118
10/01/21 23:20:00, 14.8016894
10/01/21 23:40:00, 14.77887126
11/01/21 00:00:00, 14.42712533
11/01/21 00:20:00, 14.59483646
11/01/21 00:40:00, 14.23833107
11/01/21 01:00:00, 14.05740451
11/01/21 01:20:00, 14.25938287
11/01/21 01:40:00, 14.10998116
11/01/21 02:00:00, 13.94196724
11/01/21 02:20:00, 13.82336835
11/01/21 02:40:00, 14.02451721
11/01/21 03:00:00, 13.81999351
11/01/21 03:20:00, 13.95524912
11/01/21 03:40:00, 13.75952771
11/01/21 04:00:00, 13.7293255
11/01/21 04:20:00, 13.32670668
11/01/21 04:40:00, 13.75281375
11/01/21 05:00:00, 13.13204778
11/01/21 05:20:00, 13.3480516
11/01/21 05:40:00, 13.02895682
11/01/21 06:00:00, 13.12336099
11/01/21 06:20:00, 13.39330601
11/01/21 06:40:00, 12.94987453
11/01/21 07:00:00, 12.94428006
11/01/21 07:20:00, 13.06827444
11/01/21 07:40:00, 13.20162963
11/01/21 08:00:00, 13.22900593
11/01/21 08:20:00, 12.66505342
11/01/21 08:40:00, 12.93074269
11/01/21 09:00:00, 12.54640312
11/01/21 09:20:00, 12.68711267
11/01/21 09:40:00, 12.6614264
11/01/21 10:00:00, 12.74556215
11/01/21 10:20:00, 12.69162182
11/01/21 10:40:00, 12.56368575
11/01/21 11:00:00, 12.7938078
11/01/21 11:20:00, 12.72136033
11/01/21 11:40:00, 12.30385904
11/01/21 12:00:00, 12.3817087
11/01/21 12:20:00, 12.45535934
11/01/21 12:40:00, 12.48050756
11/01/21 13:00:00, 12.76181099
11/01/21 13:20:00, 12.85015833
11/01/21 13:40:00, 12.56842676
11/01/21 14:00:00, 12.51253602
11/01/21 14:20:00, 12.49504387
11/01/21 14:40:00, 12.59056031
11/01/21 15:00:00, 12.69777318
11/01/21 15:20:00, 12.63535451
11/01/21 15:40:00, 12.28159276
11/01/21 16:00:00, 12.51765157
11/01/21 16:20:00, 12.43519295
11/01/21 16:40:00, 12.41351832
11/01/21 17:00:00, 12.67063822
11/01/21 17:20:00, 12.48121014
11/01/21 17:40:00, 12.66792277
11/01/21 18:00:00, 12.85304908
11/01/21 18:20:00, 12.48484373
11/01/21 18:40:00, 12.72805424
11/01/21 19:00:00, 12.62911049
11/01/21 19:20:00, 12.94638309
11/01/21 19:40:00, 13.12238935
11/01/21 20:00:00, 12.77036735
11/01/21 20:20:00, 13.15658234
11/01/21 20:40:00, 12.84983695
11/01/21 21:00:00, 12.86005528
11/01/21 21:20:00, 13.01381076
11/01/21 21:40:00, 12.83174516
11/01/21 22:00:00, 12.9572704
11/01/21 22:20:00, 13.34343514
11/01/21 22:40:00, 13.002601
11/01/21 23:00:00, 13.41882116
11/01/21 23:20:00, 13.56154047
11/01/21 23:40:00, 13.6111922
12/01/21 00:00:00, 13.77434464
12/01/21 00:20:00, 13.62066013
12/01/21 00:40:00, 13.93130567
12/01/21 01:00:00, 13.96892115
12/01/21 01:20:00, 13.67147254
12/01/21 01:40:00, 13.73235941
12/01/21 02:00:00, 13.66931089
12/01/21 02:20:00, 13.75231242
12/01/21 02:40:00, 14.07702395
12/01/21 03:00:00, 14.33122913
12/01/21 03:20:00, 14.32217841
12/01/21 03:40:00, 14.47851083
12/01/21 04:00:00, 14.29328553
12/01/21 04:20:00, 14.51428622
12/01/21 04:40:00, 14.61963445
12/01/21 05:00:00, 14.52577719
12/01/21 05:20:00, 14.8604488
12/01/21 05:40:00, 14.95251022
12/01/21 06:00:00, 14.8851297
12/01/21 06:20:00, 15.09089988
12/01/21 06:40:00, 15.26259252
12/01/21 07:00:00, 15.4024515
12/01/21 07:20:00, 15.20467549
12/01/21 07:40:00, 15.53512494
12/01/21 08:00:00, 15.39980398
12/01/21 08:20:00, 15.68188206
12/01/21 08:40:00, 15.83529638
12/01/21 09:00:00, 15.90445901
12/01/21 09:20:00, 16.02978442
12/01/21 09:40:00, 16.13075236
12/01/21 10:00:00, 16.28720342
12/01/21 10:20:00, 16.22483287
12/01/21 10:40:00, 16.48774396
12/01/21 11:00:00, 16.62457353
12/01/21 11:20:00, 16.57362968
12/01/21 11:40:00, 16.70331231
12/01/21 12:00:00, 16.99637105
12/01/21 12:20:00, 17.0025974
12/01/21 12:40:00, 17.24396565
12/01/21 13:00:00, 17.35053779
12/01/21 13:20:00, 17.34515639
12/01/21 13:40:00, 17.41628439
12/01/21 14:00:00, 17.62811496
12/01/21 14:20:00, 17.72186083
12/01/21 14:40:00, 17.84558473
12/01/21 15:00:00, 18.01175833
12/01/21 15:20:00, 18.08389009
12/01/21 15:40:00, 18.21307789
12/01/21 16:00:00, 18.35988497
12/01/21 16:20:00, 18.46096873
12/01/21 16:40:00, 18.58191141
12/01/21 17:00:00, 18.71622048
12/01/21 17:20:00, 18.84099515
12/01/21 17:40:00, 18.96426851
12/01/21 18:00:00, 19.10059676
12/01/21 18:20:00, 19.20292944
12/01/21 18:40:00, 19.33582296
12/01/21 19:00:00, 19.462006
12/01/21 19:20:00, 19.51921455
12/01/21 19:40:00, 19.72436934
12/01/21 20:00:00, 19.80768652
12/01/21 20:20:00, 19.90969497
12/01/21 20:40:00, 20.10493349
12/01/21 21:00:00, 20.14457591
12/01/21 21:20:00, 20.20071241
12/01/21 21:40:00, 20.49502859
12/01/21 22:00:00, 20.45200465
12/01/21 22:20:00, 20.6064501
12/01/21 22:40:00, 20.6552572
12/01/21 23:00:00, 20.85558562
12/01/21 23:20:00, 20.97911255
12/01/21 23:40:00, 21.13990025
13/01/21 00:00:00, 21.11997912
13/01/21 00:20:00, 21.48037663
13/01/21 00:40:00, 21.30912242
13/01/21 01:00:00, 21.50725369
13/01/21 01:20:00, 21.79884544
13/01/21 01:40:00, 21.7282683
13/01/21 02:00:00, 21.68930012
13/01/21 02:20:00, 21.99349468
13/01/21 02:40:00, 22.26759032
13/01/21 03:00:00, 22.01685768
13/01/21 03:20:00, 22.24759407
13/01/21 03:40:00, 22.42209113
13/01/21 04:00:00, 22.40459777
13/01/21 04:20:00, 22.78707608
13/01/21 04:40:00, 22.56598397
13/01/21 05:00:00, 22.7818369
13/01/21 05:20:00, 22.81783078
13/01/21 05:40:00, 22.80344816
13/01/21 06:00:00, 22.93751019
13/01/21 06:20:00, 23.19969439
13/01/21 06:40:00, 23.42651533
13/01/21 07:00:00, 23.05885731
13/01/21 07:20:00, 23.3107196
13/01/21 07:40:00, 23.58852316
13/01/21 08:00:00, 23.6656539
13/01/21 08:20:00, 23.71127166
13/01/21 08:40:00, 23.78010949
13/01/21 09:00:00, 23.65146581
13/01/21 09:20:00, 23.89380205
13/01/21 09:40:00, 23.66433868
13/01/21 10:00:00, 24.17999525
13/01/21 10:20:00, 23.80557576
13/01/21 10:40:00, 24.3466263
13/01/21 11:00:00, 24.33529636
13/01/21 11:20:00, 24.11426382
13/01/21 11:40:00, 24.1926988
13/01/21 12:00:00, 24.60397388
13/01/21 12:20:00, 24.61977084
13/01/21 12:40:00, 24.61635131
13/01/21 13:00:00, 24.29226596
13/01/21 13:20:00, 24.77391357
13/01/21 13:40:00, 24.82019302
13/01/21 14:00:00, 24.36656256
13/01/21 14:20:00, 24.68483588
13/01/21 14:40:00, 24.618636
13/01/21 15:00:00, 24.9414499
13/01/21 15:20:00, 24.85129329
13/01/21 15:40:00, 24.71376256
13/01/21 16:00:00, 24.67140836
13/01/21 16:20:00, 25.12131376
13/01/21 16:40:00, 24.7229174
13/01/21 17:00:00, 24.5883924
13/01/21 17:20:00, 25.08131774
13/01/21 17:40:00, 24.95746318
13/01/21 18:00:00, 25.01934283
13/01/21 18:20:00, 25.21938245
13/01/21 18:40:00, 25.10807654
13/01/21 19:00:00, 24.83790956
13/01/21 19:20:00, 24.68770062
13/01/21 19:40:00, 24.86658273
13/01/21 20:00:00, 25.02034284
13/01/21 20:20:00, 24.73924791
13/01/21 20:40:00, 25.032261
13/01/21 21:00:00, 25.27817997
13/01/21 21:20:00, 24.86770969
13/01/21 21:40:00, 25.19145022
13/01/21 22:00:00, 25.01567958
13/01/21 22:20:00, 25.07251697
13/01/21 22:40:00, 25.06543139
13/01/21 23:00:00, 24.68214278
13/01/21 23:20:00, 25.0744853
13/01/21 23:40:00, 25.00575928
14/01/21 00:00:00, 25.04479379
14/01/21 00:20:00, 24.46773248
14/01/21 00:40:00, 24.59331178
14/01/21 01:00:00, 24.64665102
14/01/21 01:20:00, 24.71163149
14/01/21 01:40:00, 24.92313986
14/01/21 02:00:00, 24.33250121
14/01/21 02:20:00, 24.302721
14/01/21 02:40:00, 24.216081
14/01/21 03:00:00, 24.76250902
14/01/21 03:20:00, 24.45637484
14/01/21 03:40:00, 24.30653124
14/01/21 04:00:00, 24.21912766
14/01/21 04:20:00, 24.30271094
14/01/21 04:40:00, 24.24870131
14/01/21 05:00:00, 24.04760511
14/01/21 05:20:00, 24.02462147
14/01/21 05:40:00, 24.26879607
14/01/21 06:00:00, 23.999829
14/01/21 06:20:00, 23.63265573
14/01/21 06:40:00, 23.60071588
14/01/21 07:00:00, 23.87013608
14/01/21 07:20:00, 23.52721205
14/01/21 07:40:00, 23.36629681
14/01/21 08:00:00, 23.75667098
14/01/21 08:20:00, 23.28434667
14/01/21 08:40:00, 23.28944286
14/01/21 09:00:00, 23.43572615
14/01/21 09:20:00, 23.40016398
14/01/21 09:40:00, 23.34941253
14/01/21 10:00:00, 23.19463852
14/01/21 10:20:00, 23.13272543
14/01/21 10:40:00, 22.98809975
14/01/21 11:00:00, 22.75279614
14/01/21 11:20:00, 22.87099489
14/01/21 11:40:00, 22.67321888
14/01/21 12:00:00, 22.6949526
14/01/21 12:20:00, 22.55075133
14/01/21 12:40:00, 22.42778286
14/01/21 13:00:00, 22.33905145
14/01/21 13:20:00, 22.11789433
14/01/21 13:40:00, 22.06594664
14/01/21 14:00:00, 21.7638163
14/01/21 14:20:00, 21.97894788
14/01/21 14:40:00, 21.80673186
14/01/21 15:00:00, 21.62137412
14/01/21 15:20:00, 21.59429119
14/01/21 15:40:00, 21.32610087
14/01/21 16:00:00, 21.38648034
14/01/21 16:20:00, 21.2015885
14/01/21 16:40:00, 20.98769087
14/01/21 17:00:00, 20.90716369
14/01/21 17:20:00, 20.84944665
14/01/21 17:40:00, 20.72378299
14/01/21 18:00:00, 20.6336705
14/01/21 18:20:00, 20.48568808
14/01/21 18:40:00, 20.38744413
14/01/21 19:00:00, 20.31752252
14/01/21 19:20:00, 20.20620418
14/01/21 19:40:00, 20.10088789
14/01/21 20:00:00, 19.97894925
14/01/21 20:20:00, 19.82903044
14/01/21 20:40:00, 19.72405646
14/01/21 21:00:00, 19.61609624
14/01/21 21:20:00, 19.50990219
14/01/21 21:40:00, 19.39413882
14/01/21 22:00:00, 19.2823912
14/01/21 22:20:00, 19.17333623
14/01/21 22:40:00, 19.03339379
14/01/21 23:00:00, 18.94913984
14/01/21 23:20:00, 18.86429491
14/01/21 23:40:00, 18.74741616
15/01/21 00:00:00, 18.60680676
15/01/21 00:20:00, 18.43372005
15/01/21 00:40:00, 18.41552583
15/01/21 01:00:00, 18.28094658
15/01/21 01:20:00, 18.08191248
15/01/21 01:40:00, 18.03232616
15/01/21 02:00:00, 17.97745801
15/01/21 02:20:00, 17.9145383
15/01/21 02:40:00, 17.81762127
15/01/21 03:00:00, 17.63607767
15/01/21 03:20:00, 17.3939188
15/01/21 03:40:00, 17.39240692
15/01/21 04:00:00, 17.20563539
15/01/21 04:20:00, 17.19306974
15/01/21 04:40:00, 16.9696919
15/01/21 05:00:00, 16.96415388
15/01/21 05:20:00, 16.97809438
15/01/21 05:40:00, 16.89295863
15/01/21 06:00:00, 16.56436858
15/01/21 06:20:00, 16.44258473
15/01/21 06:40:00, 16.51907342
15/01/21 07:00:00, 16.40644458
15/01/21 07:20:00, 16.11529299
15/01/21 07:40:00, 16.04035189
15/01/21 08:00:00, 16.14863893
15/01/21 08:20:00, 16.0242808
15/01/21 08:40:00, 16.0359574
15/01/21 09:00:00, 15.73589235
15/01/21 09:20:00, 15.55823383
15/01/21 09:40:00, 15.85139577
15/01/21 10:00:00, 15.42028675
15/01/21 10:20:00, 15.35144468
15/01/21 10:40:00, 15.37220566
15/01/21 11:00:00, 15.1662148
15/01/21 11:20:00, 15.2340512
15/01/21 11:40:00, 15.45075125
15/01/21 12:00:00, 15.22252411
15/01/21 12:20:00, 15.20752669
15/01/21 12:40:00, 14.71650933
15/01/21 13:00:00, 14.65347468
15/01/21 13:20:00, 14.73232187
15/01/21 13:40:00, 14.79847245
15/01/21 14:00:00, 14.91701676
15/01/21 14:20:00, 14.89331634
15/01/21 14:40:00, 14.7403909
15/01/21 15:00:00, 14.39953771
15/01/21 15:20:00, 14.56522471
15/01/21 15:40:00, 14.74880566
15/01/21 16:00:00, 14.67517042
15/01/21 16:20:00, 14.54046388
15/01/21 16:40:00, 14.05935635
15/01/21 17:00:00, 13.98906636
15/01/21 17:20:00, 14.4261723
15/01/21 17:40:00, 14.09625581
15/01/21 18:00:00, 14.26511287
15/01/21 18:20:00, 14.2566341
15/01/21 18:40:00, 14.28390866
15/01/21 19:00:00, 13.80754051
15/01/21 19:20:00, 13.84243689
15/01/21 19:40:00, 13.88256407
15/01/21 20:00:00, 13.81615744
15/01/21 20:20:00, 14.26502042
15/01/21 20:40:00, 14.23866789
15/01/21 21:00:00, 13.74193468
15/01/21 21:20:00, 14.073357
15/01/21 21:40:00, 13.93875216
15/01/21 22:00:00, 13.66023594
15/01/21 22:20:00, 13.81126488
15/01/21 22:40:00, 13.77617493
15/01/21 23:00:00, 14.04127887
15/01/21 23:20:00, 13.82245177
15/01/21 23:40:00, 14.13166749
16/01/21 00:00:00, 13.9630969
16/01/21 00:20:00, 14.0815286
16/01/21 00:40:00, 14.06165303
16/01/21 01:00:00, 14.07106632
16/01/21 01:20:00, 13.78737807
16/01/21 01:40:00, 14.13161437
16/01/21 02:00:00, 13.957784
16/01/21 02:20:00, 13.71540826
16/01/21 02:40:00, 13.77884758
16/01/21 03:00:00, 14.30867095
16/01/21 03:20:00, 14.1862358
16/01/21 03:40:00, 14.34515858
16/01/21 04:00:00, 14.4482629
16/01/21 04:20:00, 14.37937646
16/01/21 04:40:00, 14.05014949
16/01/21 05:00:00, 14.34651436
16/01/21 05:20:00, 14.5862539
16/01/21 05:40:00, 14.47004824
16/01/21 06:00:00, 14.06516363
16/01/21 06:20:00, 14.20987736
16/01/21 06:40:00, 14.20673747
16/01/21 07:00:00, 14.23279375
16/01/21 07:20:00, 14.5339286
16/01/21 07:40:00, 14.43311465
16/01/21 08:00:00, 14.57931909
16/01/21 08:20:00, 14.88592779
16/01/21 08:40:00, 14.90117453
16/01/21 09:00:00, 14.61830243
16/01/21 09:20:00, 14.78465133
16/01/21 09:40:00, 15.00868741
16/01/21 10:00:00, 15.05950674
16/01/21 10:20:00, 15.37959732
16/01/21 10:40:00, 15.08511596
16/01/21 11:00:00, 15.0742352
16/01/21 11:20:00, 15.43293783
16/01/21 11:40:00, 15.35253558
16/01/21 12:00:00, 15.41683741
16/01/21 12:20:00, 15.6833627
16/01/21 12:40:00, 15.67664189
16/01/21 13:00:00, 15.62504151
16/01/21 13:20:00, 16.06447996
16/01/21 13:40:00, 15.7280955
16/01/21 14:00:00, 16.25169866
16/01/21 14:20:00, 16.27110723
16/01/21 14:40:00, 16.40020267
16/01/21 15:00:00, 16.34450868
16/01/21 15:20:00, 16.46139526
16/01/21 15:40:00, 16.39147687
16/01/21 16:00:00, 16.5906586
16/01/21 16:20:00, 16.85991926
16/01/21 16:40:00, 16.9472025
16/01/21 17:00:00, 17.11781739
16/01/21 17:20:00, 16.93096775
16/01/21 17:40:00, 16.99904832
16/01/21 18:00:00, 17.25767298
16/01/21 18:20:00, 17.49753949
16/01/21 18:40:00, 17.44991016
16/01/21 19:00:00, 17.53154355
16/01/21 19:20:00, 17.76163387
16/01/21 19:40:00, 17.85225667
16/01/21 20:00:00, 17.95164456
16/01/21 20:20:00, 18.02196181
16/01/21 20:40:00, 18.06174739
16/01/21 21:00:00, 18.2653654
16/01/21 21:20:00, 18.32738524
16/01/21 21:40:00, 18.42269829
16/01/21 22:00:00, 18.57621244
16/01/21 22:20:00, 18.72897947
16/01/21 22:40:00, 18.7998864
16/01/21 23:00:00, 19.02119197
16/01/21 23:20:00, 19.12302682
16/01/21 23:40:00, 19.23749918
17/01/21 00:00:00, 19.37699967
17/01/21 00:20:00, 19.48637327
17/01/21 00:40:00, 19.5738437
17/01/21 01:00:00, 19.72359969
17/01/21 01:20:00, 19.83162343
17/01/21 01:40:00, 19.94292879
17/01/21 02:00:00, 20.06828103
17/01/21 02:20:00, 20.17840181
17/01/21 02:40:00, 20.30545139
17/01/21 03:00:00, 20.4310746
17/01/21 03:20:00, 20.5460732
17/01/21 03:40:00, 20.69682863
17/01/21 04:00:00, 20.82879972
17/01/21 04:20:00, 20.89333925
17/01/21 04:40:00, 21.02094886
17/01/21 05:00:00, 21.12856852
17/01/21 05:20:00, 21.32482375
17/01/21 05:40:00, 21.46605158
17/01/21 06:00:00, 21.53637666
17/01/21 06:20:00, 21.54036215
17/01/21 06:40:00, 21.78305515
17/01/21 07:00:00, 21.94801325
17/01/21 07:20:00, 21.87453535
17/01/21 07:40:00, 22.17180788
17/01/21 08:00:00, 22.10586142
17/01/21 08:20:00, 22.26980259
17/01/21 08:40:00, 22.57142212
17/01/21 09:00:00, 22.63866088
17/01/21 09:20:00, 22.72518307
17/01/21 09:40:00, 22.75172165
17/01/21 10:00:00, 22.98788178
17/01/21 10:20:00, 23.07394732
17/01/21 10:40:00, 23.24378696
17/01/21 11:00:00, 23.06317819
17/01/21 11:20:00, 23.28102612
17/01/21 11:40:00, 23.37840831
17/01/21 12:00:00, 23.52066631
17/01/21 12:20:00, 23.61281462
17/01/21 12:40:00, 23.53971336
17/01/21 13:00:00, 23.56317047
17/01/21 13:20:00, 23.99054243
17/01/21 13:40:00, 23.84336787
17/01/21 14:00:00, 23.9776202
17/01/21 14:20:00, 23.96341038
17/01/21 14:40:00, 24.31011085
17/01/21 15:00:00, 24.31459303
17/01/21 15:20:00, 24.32876554
17/01/21 15:40:00, 24.58776603
17/01/21 16:00:00, 24.73388411
17/01/21 16:20:00, 24.81204562
17/01/21 16:40:00, 24.69662695
17/01/21 17:00:00, 24.61596598
17/01/21 17:20:00, 25.00342698
17/01/21 17:40:00, 24.83286557
17/01/21 18:00:00, 25.05433214
17/01/21 18:20:00, 25.04530684
17/01/21 18:40:00, 24.97110404
17/01/21 19:00:00, 25.18683089
17/01/21 19:20:00, 25.04419939
17/01/21 19:40:00, 25.38285624
17/01/21 20:00:00, 25.20283415
17/01/21 20:20:00, 25.38843116
17/01/21 20:40:00, 25.27672346
17/01/21 21:00:00, 25.82119479
17/01/21 21:20:00, 25.30720525
17/01/21 21:40:00, 25.71317073
17/01/21 22:00:00, 25.48890666
17/01/21 22:20:00, 25.49092988
17/01/21 22:40:00, 26.08359904
17/01/21 23:00:00, 25.48591967
17/01/21 23:20:00, 25.74077135
17/01/21 23:40:00, 25.93055345
18/01/21 00:00:00, 25.76100249
18/01/21 00:20:00, 26.02555253
18/01/21 00:40:00, 26.15432958
18/01/21 01:00:00, 26.03099226
18/01/21 01:20:00, 25.78562455
18/01/21 01:40:00, 26.08414939
18/01/21 02:00:00, 26.22365497
18/01/21 02:20:00, 26.20844074
18/01/21 02:40:00, 25.87434464
18/01/21 03:00:00, 26.18348411
18/01/21 03:20:00, 25.8299778
18/01/21 03:40:00, 25.80096219
18/01/21 04:00:00, 26.38151126
18/01/21 04:20:00, 26.26187652
18/01/21 04:40:00, 26.2487202
18/01/21 05:00:00, 26.21962157
18/01/21 05:20:00, 26.35688497
18/01/21 05:40:00, 26.07026815
18/01/21 06:00:00, 26.09446127
18/01/21 06:20:00, 26.35296943
18/01/21 06:40:00, 26.0018723
18/01/21 07:00:00, 26.3438467
18/01/21 07:20:00, 25.94948459
18/01/21 07:40:00, 26.26784692
18/01/21 08:00:00, 26.06346024
18/01/21 08:20:00, 25.65765707
18/01/21 08:40:00, 25.75846836
18/01/21 09:00:00, 25.90876379
18/01/21 09:20:00, 26.13222363
18/01/21 09:40:00, 25.54863606
18/01/21 10:00:00, 25.95531996
18/01/21 10:20:00, 25.81667285
18/01/21 10:40:00, 25.94011725
18/01/21 11:00:00, 25.59262238
18/01/21 11:20:00, 25.50177943
18/01/21 11:40:00, 25.53755324
18/01/21 12:00:00, 25.59340769
18/01/21 12:20:00, 25.69877412
18/01/21 12:40:00, 25.74742941
18/01/21 13:00:00, 25.16640631
18/01/21 13:20:00, 25.24058898
18/01/21 13:40:00, 25.41883264
18/01/21 14:00:00, 25.08101662
18/01/21 14:20:00, 25.20400212
18/01/21 14:40:00, 25.29668961
18/01/21 15:00:00, 24.86322158
18/01/21 15:20:00, 24.77680174
18/01/21 15:40:00, 24.69525624
18/01/21 16:00:00, 24.74727724
18/01/21 16:20:00, 24.47992797
18/01/21 16:40:00, 24.45184473
18/01/21 17:00:00, 24.36782365
18/01/21 17:20:00, 24.73069295
18/01/21 17:40:00, 24.319017
18/01/21 18:00:00, 24.11984586
18/01/21 18:20:00, 24.15416317
18/01/21 18:40:00, 24.07410705
18/01/21 19:00:00, 24.12230467
18/01/21 19:20:00, 23.88851715
18/01/21 19:40:00, 23.95480034
18/01/21 20:00:00, 24.00459313
18/01/21 20:20:00, 23.88899649
18/01/21 20:40:00, 23.69191224
18/01/21 21:00:00, 23.37664174
18/01/21 21:20:00, 23.50053938
18/01/21 21:40:00, 23.26187698
18/01/21 22:00:00, 23.11681112
18/01/21 22:20:00, 23.17705915
18/01/21 22:40:00, 23.07937825
18/01/21 23:00:00, 22.89151636
18/01/21 23:20:00, 22.87337513
18/01/21 23:40:00, 22.6963548
19/01/21 00:00:00, 22.72272743
19/01/21 00:20:00, 22.40527095
19/01/21 00:40:00, 22.29099525
19/01/21 01:00:00, 22.42608769
19/01/21 01:20:00, 22.18572215
19/01/21 01:40:00, 22.07485216
19/01/21 02:00:00, 22.07381071
19/01/21 02:20:00, 21.82266885
19/01/21 02:40:00, 21.77850416
19/01/21 03:00:00, 21.65297159
19/01/21 03:20:00, 21.59783024
19/01/21 03:40:00, 21.41350872
19/01/21 04:00:00, 21.27669914
19/01/21 04:20:00, 21.15787166
19/01/21 04:40:00, 21.06011351
19/01/21 05:00:00, 20.97066516
19/01/21 05:20:00, 20.85255623
19/01/21 05:40:00, 20.73958687
19/01/21 06:00:00, 20.61981373
19/01/21 06:20:00, 20.50297689
19/01/21 06:40:00, 20.37893168
19/01/21 07:00:00, 20.28225112
19/01/21 07:20:00, 20.13373536
19/01/21 07:40:00, 20.03453066
19/01/21 08:00:00, 19.91869646
19/01/21 08:20:00, 19.82993789
19/01/21 08:40:00, 19.68292703
19/01/21 09:00:00, 19.63408507
19/01/21 09:20:00, 19.48695168
19/01/21 09:40:00, 19.41997593
19/01/21 10:00:00, 19.33007861
19/01/21 10:20:00, 19.18129809
19/01/21 10:40:00, 19.06198297
19/01/21 11:00:00, 18.80905004
19/01/21 11:20:00, 18.91862144
19/01/21 11:40:00, 18.63044311
19/01/21 12:00:00, 18.628722
19/01/21 12:20:00, 18.37906633
19/01/21 12:40:00, 18.51829013
19/01/21 13:00:00, 18.30531433
19/01/21 13:20:00, 18.29427787
19/01/21 13:40:00, 18.19321877
19/01/21 14:00:00, 18.06374381
19/01/21 14:20:00, 17.81117825
19/01/21 14:40:00, 17.88296312
19/01/21 15:00:00, 17.55450752
19/01/21 15:20:00, 17.55985248
19/01/21 15:40:00, 17.5793679
19/01/21 16:00:00, 17.37355302
19/01/21 16:20:00, 17.43660075
19/01/21 16:40:00, 17.31899228
19/01/21 17:00:00, 17.17294449
19/01/21 17:20:00, 16.88299053
19/01/21 17:40:00, 17.06277099
19/01/21 18:00:00, 16.84132287
19/01/21 18:20:00, 16.79207719
19/01/21 18:40:00, 16.84391431
19/01/21 19:00:00, 16.51219628
19/01/21 19:20:00, 16.62238121
19/01/21 19:40:00, 16.49084149
19/01/21 20:00:00, 16.11972881
19/01/21 20:20:00, 16.08756897
19/01/21 20:40:00, 16.44647615
19/01/21 21:00:00, 15.93701363
19/01/21 21:20:00, 16.10164974
19/01/21 21:40:00, 16.15749166
19/01/21 22:00:00, 15.93981683
19/01/21 22:20:00, 16.08597983
19/01/21 22:40:00, 15.88450462
19/01/21 23:00:00, 15.87819245
19/01/21 23:20:00, 15.73947556
19/01/21 23:40:00, 15.85084056
20/01/21 00:00:00, 15.6235433
20/01/21 00:20:00, 15.80192614
20/01/21 00:40:00, 15.59300351
20/01/21 01:00:00, 15.48940268
20/01/21 01:20:00, 15.63577021
20/01/21 01:40:00, 15.53517269
20/01/21 02:00:00, 15.23343753
20/01/21 02:20:00, 15.5039738
20/01/21 02:40:00, 15.49695699
20/01/21 03:00:00, 15.37279648
20/01/21 03:20:00, 14.98880002
20/01/21 03:40:00, 14.97385621
20/01/21 04:00:00, 14.86075349
20/01/21 04:20:00, 15.11337795
20/01/21 04:40:00, 15.35047689
20/01/21 05:00:00, 15.24797464
20/01/21 05:20:00, 14.67485736
20/01/21 05:40:00, 15.14060173
20/01/21 06:00:00, 14.96799834
20/01/21 06:20:00, 14.85963973
20/01/21 06:40:00, 14.83442523
20/01/21 07:00:00, 15.19140206
20/01/21 07:20:00, 15.10526606
20/01/21 07:40:00, 14.63995716
20/01/21 08:00:00, 14.77899082
20/01/21 08:20:00, 14.80297411
20/01/21 08:40:00, 14.93575356
20/01/21 09:00:00, 14.98507496
20/01/21 09:20:00, 14.90732164
20/01/21 09:40:00, 14.85372146
20/01/21 10:00:00, 14.99433496
20/01/21 10:20:00, 15.10380482
20/01/21 10:40:00, 14.89599331
20/01/21 11:00:00, 15.30863751
20/01/21 11:20:00, 15.02134373
20/01/21 11:40:00, 15.10928016
20/01/21 12:00:00, 15.12996501
20/01/21 12:20:00, 15.28384521
20/01/21 12:40:00, 15.1960616
20/01/21 13:00:00, 14.95011182
20/01/21 13:20:00, 15.27786553
20/01/21 13:40:00, 15.21432006
20/01/21 14:00:00, 15.27629306
20/01/21 14:20:00, 15.64375705
20/01/21 14:40:00, 15.51524875
20/01/21 15:00:00, 15.3727938
20/01/21 15:20:00, 15.19937816
20/01/21 15:40:00, 15.75137891
20/01/21 16:00:00, 15.72184856
20/01/21 16:20:00, 15.7112156
20/01/21 16:40:00, 15.93467738
20/01/21 17:00:00, 15.99664828
20/01/21 17:20:00, 15.75614392
20/01/21 17:40:00, 15.71945482
20/01/21 18:00:00, 16.16737446
20/01/21 18:20:00, 16.13578496
20/01/21 18:40:00, 16.2212069
20/01/21 19:00:00, 16.34778584
20/01/21 19:20:00, 16.0232624
20/01/21 19:40:00, 16.09053016
20/01/21 20:00:00, 16.18941824
20/01/21 20:20:00, 16.35564587
20/01/21 20:40:00, 16.32805893
20/01/21 21:00:00, 16.63388182
20/01/21 21:20:00, 16.85791142
20/01/21 21:40:00, 16.89530784
20/01/21 22:00:00, 16.83575944
20/01/21 22:20:00, 17.06218337
20/01/21 22:40:00, 17.10096137
20/01/21 23:00:00, 17.36163923
20/01/21 23:20:00, 17.26235571
20/01/21 23:40:00, 17.12901955
21/01/21 00:00:00, 17.49490952
21/01/21 00:20:00, 17.69648965
21/01/21 00:40:00, 17.54667883
21/01/21 01:00:00, 17.8575566
21/01/21 01:20:00, 17.70325859
21/01/21 01:40:00, 17.9121725
21/01/21 02:00:00, 18.200071
21/01/21 02:20:00, 18.06084046
21/01/21 02:40:00, 18.19098751
21/01/21 03:00:00, 18.24451465
21/01/21 03:20:00, 18.36328464
21/01/21 03:40:00, 18.45279513
21/01/21 04:00:00, 18.80826622
21/01/21 04:20:00, 18.86996949
21/01/21 04:40:00, 18.94079397
21/01/21 05:00:00, 18.96872282
21/01/21 05:20:00, 19.10575224
21/01/21 05:40:00, 19.18046909
21/01/21 06:00:00, 19.4424204
21/01/21 06:20:00, 19.41984866
21/01/21 06:40:00, 19.54236627
21/01/21 07:00:00, 19.76755632
21/01/21 07:20:00, 19.82163683
21/01/21 07:40:00, 19.93700681
21/01/21 08:00:00, 20.01606042
21/01/21 08:20:00, 20.15628439
21/01/21 08:40:00, 20.28737163
21/01/21 09:00:00, 20.40924626
21/01/21 09:20:00, 20.51931241
21/01/21 09:40:00, 20.66223445
21/01/21 10:00:00, 20.76098955
21/01/21 10:20:00, 20.89493575
21/01/21 10:40:00, 21.01802958
21/01/21 11:00:00, 21.14315381
21/01/21 11:20:00, 21.26973785
21/01/21 11:40:00, 21.36294829
21/01/21 12:00:00, 21.47569526
21/01/21 12:20:00, 21.58516418
21/01/21 12:40:00, 21.73813611
21/01/21 13:00:00, 21.83750174
21/01/21 13:20:00, 21.92474179
21/01/21 13:40:00, 22.14516023
21/01/21 14:00:00, 22.27400192
21/01/21 14:20:00, 22.31888392
21/01/21 14:40:00, 22.4135229
21/01/21 15:00:00, 22.49950981
21/01/21 15:20:00, 22.71579636
21/01/21 15:40:00, 22.91197334
21/01/21 16:00:00, 22.91319156
21/01/21 16:20:00, 22.91315622
21/01/21 16:40:00, 23.02052179
21/01/21 17:00:00, 23.32712182
21/01/21 17:20:00, 23.29202995
21/01/21 17:40:00, 23.63113485
21/01/21 18:00:00, 23.59515624
21/01/21 18:20:00, 23.78033457
21/01/21 18:40:00, 23.81928352
21/01/21 19:00:00, 23.72464495
21/01/21 19:20:00, 24.14483386
21/01/21 19:40:00, 23.99138313
21/01/21 20:00:00, 24.0252438
21/01/21 20:20:00, 24.4410275
21/01/21 20:40:00, 24.35556196
21/01/21 21:00:00, 24.34495835
21/01/21 21:20:00, 24.62859631
21/01/21 21:40:00, 24.91144155
21/01/21 22:00:00, 24.9265507
21/01/21 22:20:00, 24.97589513
21/01/21 22:40:00, 24.96431885
21/01/21 23:00:00, 25.09629976
21/01/21 23:20:00, 25.08773187
21/01/21 23:40:00, 25.07535698
22/01/21 00:00:00, 25.17576842
22/01/21 00:20:00, 25.39068538
22/01/21 00:40:00, 25.5032379
22/01/21 01:00:00, 25.53692512
22/01/21 01:20:00, 25.77270148
22/01/21 01:40:00, 25.86112333
22/01/21 02:00:00, 25.94711136
22/01/21 02:20:00, 25.84273971
22/01/21 02:40:00, 26.05397573
22/01/21 03:00:00, 26.25918122
22/01/21 03:20:00, 25.88369933
22/01/21 03:40:00, 26.10536407
22/01/21 04:00:00, 26.37979847
22/01/21 04:20:00, 26.25657793
22/01/21 04:40:00, 26.20463318
22/01/21 05:00:00, 26.35736984
22/01/21 05:20:00, 26.17858054
22/01/21 05:40:00, 26.30714722
22/01/21 06:00:00, 26.63486799
22/01/21 06:20:00, 26.30213409
22/01/21 06:40:00, 26.40824483
22/01/21 07:00:00, 26.90566098
22/01/21 07:20:00, 26.56369984
22/01/21 07:40:00, 26.71910757
22/01/21 08:00:00, 26.89841608
22/01/21 08:20:00, 27.02488233
22/01/21 08:40:00, 26.61649397
22/01/21 09:00:00, 26.97648534
22/01/21 09:20:00, 26.62400832
22/01/21 09:40:00, 26.69196985
22/01/21 10:00:00, 27.00047689
22/01/21 10:20:00, 26.69973262
22/01/21 10:40:00, 27.29057652
22/01/21 11:00:00, 26.88565088
22/01/21 11:20:00, 27.03021408
22/01/21 11:40:00, 27.24212097
22/01/21 12:00:00, 27.35615411
22/01/21 12:20:00, 26.70647871
22/01/21 12:40:00, 27.27130622
22/01/21 13:00:00, 26.96723221
22/01/21 13:20:00, 27.09821545
22/01/21 13:40:00, 27.33475383
22/01/21 14:00:00, 26.85616559
22/01/21 14:20:00, 26.74510063
22/01/21 14:40:00, 27.00091473
22/01/21 15:00:00, 26.84376904
22/01/21 15:20:00, 27.05957434
22/01/21 15:40:00, 27.18232157
22/01/21 16:00:00, 26.64592021
22/01/21 16:20:00, 26.89747401
22/01/21 16:40:00, 26.74499754
22/01/21 17:00:00, 27.06910415
22/01/21 17:20:00, 26.64307661
22/01/21 17:40:00, 26.64707504
22/01/21 18:00:00, 26.73580018
22/01/21 18:20:00, 26.71684599
22/01/21 18:40:00, 26.53764702
22/01/21 19:00:00, 26.42377815
22/01/21 19:20:00, 26.67340366
22/01/21 19:40:00, 26.76292288
22/01/21 20:00:00, 26.81572675
22/01/21 20:20:00, 26.45492593
22/01/21 20:40:00, 26.66684001
22/01/21 21:00:00, 26.40355791
22/01/21 21:20:00, 26.08186506
22/01/21 21:40:00, 26.58638623
22/01/21 22:00:00, 26.54240979
22/01/21 22:20:00, 25.93653753
22/01/21 22:40:00, 25.92545682
22/01/21 23:00:00, 25.9368154
22/01/21 23:20:00, 25.96076931
22/01/21 23:40:00, 26.18184681
23/01/21 00:00:00, 25.83245806
23/01/21 00:20:00, 25.87883742
23/01/21 00:40:00, 25.66929641
23/01/21 01:00:00, 25.71817623
23/01/21 01:20:00, 25.60055952
23/01/21 01:40:00, 25.62856567
23/01/21 02:00:00, 25.46620313
23/01/21 02:20:00, 25.36625747
23/01/21 02:40:00, 25.25850027
23/01/21 03:00:00, 25.18215766
23/01/21 03:20:00, 24.97096985
23/01/21 03:40:00, 25.05299106
23/01/21 04:00:00, 24.85125363
23/01/21 04:20:00, 24.69674038
23/01/21 04:40:00, 24.89822034
23/01/21 05:00:00, 24.68359349
23/01/21 05:20:00, 24.54344083
23/01/21 05:40:00, 24.59155541
23/01/21 06:00:00, 24.35245843
23/01/21 06:20:00, 24.21280076
23/01/21 06:40:00, 24.26551952
23/01/21 07:00:00, 24.01847617
23/01/21 07:20:00, 23.83870226
23/01/21 07:40:00, 23.76316169
23/01/21 08:00:00, 23.74898279
23/01/21 08:20:00, 23.50289825
23/01/21 08:40:00, 23.50318786
23/01/21 09:00:00, 23.50629801
23/01/21 09:20:00, 23.33646969
23/01/21 09:40:00, 23.30135202
23/01/21 10:00:00, 23.11867003
23/01/21 10:20:00, 23.06905272
23/01/21 10:40:00, 22.90757256
23/01/21 11:00:00, 22.85409829
23/01/21 11:20:00, 22.68459998
23/01/21 11:40:00, 22.48144809
23/01/21 12:00:00, 22.36826662
23/01/21 12:20:00, 22.30888758
23/01/21 12:40:00, 22.23949351
23/01/21 13:00:00, 22.04617021
23/01/21 13:20:00, 21.93319476
23/01/21 13:40:00, 21.84248087
23/01/21 14:00:00, 21.73858885
23/01/21 14:20:00, 21.60961482
23/01/21 14:40:00, 21.51063173
23/01/21 15:00:00, 21.39266696
23/01/21 15:20:00, 21.26975642
23/01/21 15:40:00, 21.17015736
23/01/21 16:00:00, 21.0363012
23/01/21 16:20:00, 20.94050744
23/01/21 16:40:00, 20.81269075
23/01/21 17:00:00, 20.68418919
23/01/21 17:20:00, 20.62432212
23/01/21 17:40:00, 20.45113736
23/01/21 18:00:00, 20.34273377
23/01/21 18:20:00, 20.31919165
23/01/21 18:40:00, 20.07400508
23/01/21 19:00:00, 19.98983964
23/01/21 19:20:00, 19.98179405
23/01/21 19:40:00, 19.8773872
23/01/21 20:00:00, 19.70366877
23/01/21 20:20:00, 19.68224934
23/01/21 20:40:00, 19.54637132
23/01/21 21:00:00, 19.50008293
23/01/21 21:20:00, 19.12137423
23/01/21 21:40:00, 19.09927149
23/01/21 22:00:00, 19.06674663
23/01/21 22:20:00, 18.86512254
23/01/21 22:40:00, 18.8809877
23/01/21 23:00:00, 18.58876761
23/01/21 23:20:00, 18.78421638
23/01/21 23:40:00, 18.43998193
24/01/21 00:00:00, 18.42522603
24/01/21 00:20:00, 18.3094527
24/01/21 00:40:00, 18.3728247
24/01/21 01:00:00, 18.14451663
24/01/21 01:20:00, 17.96831297
24/01/21 01:40:00, 17.8048784
24/01/21 02:00:00, 18.10327743
24/01/21 02:20:00, 17.96744194
24/01/21 02:40:00, 17.52311427
24/01/21 03:00:00, 17.69494434
24/01/21 03:20:00, 17.36224436
24/01/21 03:40:00, 17.60006181
24/01/21 04:00:00, 17.38878036
24/01/21 04:20:00, 17.2092473
24/01/21 04:40:00, 17.103505
24/01/21 05:00:00, 17.37211232
24/01/21 05:20:00, 17.2299888
24/01/21 05:40:00, 17.0160303
24/01/21 06:00:00, 16.92083168
24/01/21 06:20:00, 16.67904568
24/01/21 06:40:00, 17.01773352
24/01/21 07:00:00, 16.72718001
24/01/21 07:20:00, 16.541693
24/01/21 07:40:00, 16.4468989
24/01/21 08:00:00, 16.74725594
24/01/21 08:20:00, 16.58705636
24/01/21 08:40:00, 16.31860984
24/01/21 09:00:00, 16.57028715
24/01/21 09:20:00, 16.42913158
24/01/21 09:40:00, 16.36927888
24/01/21 10:00:00, 16.35752598
24/01/21 10:20:00, 16.13665577
24/01/21 10:40:00, 15.8755059
24/01/21 11:00:00, 16.2358803
24/01/21 11:20:00, 16.04672229
24/01/21 11:40:00, 16.03110837
24/01/21 12:00:00, 16.11165678
24/01/21 12:20:00, 15.98847734
24/01/21 12:40:00, 16.18946423
24/01/21 13:00:00, 15.79397007
24/01/21 13:20:00, 15.85996193
24/01/21 13:40:00, 15.54026985
24/01/21 14:00:00, 15.80299891
24/01/21 14:20:00, 15.73456496
24/01/21 14:40:00, 15.48671012
24/01/21 15:00:00, 15.92132833
24/01/21 15:20:00, 15.73082356
24/01/21 15:40:00, 15.51152792
24/01/21 16:00:00, 15.68773722
24/01/21 16:20:00, 16.04681868
24/01/21 16:40:00, 15.50728064
24/01/21 17:00:00, 15.98033542
24/01/21 17:20:00, 15.54472732
24/01/21 17:40:00, 15.66212488
24/01/21 18:00:00, 15.44126628
24/01/21 18:20:00, 15.55146459
24/01/21 18:40:00, 15.99000149
24/01/21 19:00:00, 16.09981709
24/01/21 19:20:00, 15.66461652
24/01/21 19:40:00, 15.93322472
24/01/21 20:00:00, 15.92088782
24/01/21 20:20:00, 15.57566876
24/01/21 20:40:00, 16.12348482
24/01/21 21:00:00, 15.80125046
24/01/21 21:20:00, 16.11581437
24/01/21 21:40:00, 15.72594418
24/01/21 22:00:00, 15.83481343
24/01/21 22:20:00, 16.01358218
24/01/21 22:40:00, 16.31966444
24/01/21 23:00:00, 16.4150513
24/01/21 23:20:00, 15.98437072
24/01/21 23:40:00, 16.20488421
25/01/21 00:00:00, 16.58334303
25/01/21 00:20:00, 16.31979078
25/01/21 00:40:00, 16.14255059
25/01/21 01:00:00, 16.57419025
25/01/21 01:20:00, 16.19910661
25/01/21 01:40:00, 16.54456048
25/01/21 02:00:00, 16.38761335
25/01/21 02:20:00, 16.90923406
25/01/21 02:40:00, 16.67070459
25/01/21 03:00:00, 16.93894777
25/01/21 03:20:00, 16.60527066
25/01/21 03:40:00, 17.12112242
25/01/21 04:00:00, 16.85368625
25/01/21 04:20:00, 17.07832486
25/01/21 04:40:00, 17.44003971
25/01/21 05:00:00, 17.31603642
25/01/21 05:20:00, 17.29199066
25/01/21 05:40:00, 17.15726561
25/01/21 06:00:00, 17.68962203
25/01/21 06:20:00, 17.428774
25/01/21 06:40:00, 17.64504619
25/01/21 07:00:00, 17.64298216
25/01/21 07:20:00, 17.77768515
25/01/21 07:40:00, 18.09541162
25/01/21 08:00:00, 18.22672779
25/01/21 08:20:00, 17.91683018
25/01/21 08:40:00, 18.00113314
25/01/21 09:00:00, 18.33525388
25/01/21 09:20:00, 18.51414948
25/01/21 09:40:00, 18.43859624
25/01/21 10:00:00, 18.40915692
25/01/21 10:20:00, 18.76111702
25/01/21 10:40:00, 18.68276207
25/01/21 11:00:00, 19.02632572
25/01/21 11:20:00, 19.13053578
25/01/21 11:40:00, 19.20797487
25/01/21 12:00:00, 19.22127806
25/01/21 12:20:00, 19.27116787
25/01/21 12:40:00, 19.49675235
25/01/21 13:00:00, 19.51080937
25/01/21 13:20:00, 19.64289595
25/01/21 13:40:00, 19.86198912
25/01/21 14:00:00, 19.9679209
25/01/21 14:20:00, 20.06722681
25/01/21 14:40:00, 20.07038587
25/01/21 15:00:00, 20.23079445
25/01/21 15:20:00, 20.44715149
25/01/21 15:40:00, 20.52052626
25/01/21 16:00:00, 20.63058055
25/01/21 16:20:00, 20.65211522
25/01/21 16:40:00, 20.89379191
25/01/21 17:00:00, 20.89468865
25/01/21 17:20:00, 21.08652581
25/01/21 17:40:00, 21.22031651
25/01/21 18:00:00, 21.28732867
25/01/21 18:20:00, 21.44284745
25/01/21 18:40:00, 21.54354868
25/01/21 19:00:00, 21.67139195
25/01/21 19:20:00, 21.78903688
25/01/21 19:40:00, 21.91535611
25/01/21 20:00:00, 22.01352288
25/01/21 20:20:00, 22.16189321
25/01/21 20:40:00, 22.28810749
25/01/21 21:00:00, 22.35310966
25/01/21 21:20:00, 22.52581051
25/01/21 21:40:00, 22.6614056
25/01/21 22:00:00, 22.78485145
25/01/21 22:20:00, 22.88397618
25/01/21 22:40:00, 22.97542299
25/01/21 23:00:00, 23.18585285
25/01/21 23:20:00, 23.12377861
25/01/21 23:40:00, 23.33360797
26/01/21 00:00:00, 23.5499346
26/01/21 00:20:00, 23.46611237
26/01/21 00:40:00, 23.5958323
26/01/21 01:00:00, 23.74520924
26/01/21 01:20:00, 23.81266814
26/01/21 01:40:00, 24.1006539
26/01/21 02:00:00, 24.26873483
26/01/21 02:20:00, 24.24933313
26/01/21 02:40:00, 24.21964367
26/01/21 03:00:00, 24.55671635
26/01/21 03:20:00, 24.49253529
26/01/21 03:40:00, 24.73974094
26/01/21 04:00:00, 24.91753286
26/01/21 04:20:00, 24.91293965
26/01/21 04:40:00, 24.85782243
26/01/21 05:00:00, 25.07496073
26/01/21 05:20:00, 25.34915313
26/01/21 05:40:00, 25.31820172
26/01/21 06:00:00, 25.41571785
26/01/21 06:20:00, 25.38702288
26/01/21 06:40:00, 25.35532182
26/01/21 07:00:00, 25.86926871
26/01/21 07:20:00, 25.66486965
26/01/21 07:40:00, 25.72650843
26/01/21 08:00:00, 25.9086035
26/01/21 08:20:00, 25.95368277
26/01/21 08:40:00, 26.24763245
26/01/21 09:00:00, 26.4133824
26/01/21 09:20:00, 25.98781927
26/01/21 09:40:00, 26.41831945
26/01/21 10:00:00, 26.26148366
26/01/21 10:20:00, 26.35607062
26/01/21 10:40:00, 26.3806657
26/01/21 11:00:00, 26.70542251
26/01/21 11:20:00, 26.76780017
26/01/21 11:40:00, 27.01103745
26/01/21 12:00:00, 26.92684256
26/01/21 12:20:00, 26.61478617
26/01/21 12:40:00, 26.85229558
26/01/21 13:00:00, 26.73203515
26/01/21 13:20:00, 27.31632118
26/01/21 13:40:00, 27.28885135
26/01/21 14:00:00, 27.14271747
26/01/21 14:20:00, 26.91548482
26/01/21 14:40:00, 27.30039738
26/01/21 15:00:00, 27.46902707
26/01/21 15:20:00, 27.34622906
26/01/21 15:40:00, 27.32112808
26/01/21 16:00:00, 27.51136277
26/01/21 16:20:00, 27.52580683
26/01/21 16:40:00, 27.58510412
26/01/21 17:00:00, 27.48344446
26/01/21 17:20:00, 27.69761498
26/01/21 17:40:00, 27.34528191
26/01/21 18:00:00, 27.80022867
26/01/21 18:20:00, 27.85712765
26/01/21 18:40:00, 27.54956797
26/01/21 19:00:00, 28.00835077
26/01/21 19:20:00, 27.93326653
26/01/21 19:40:00, 27.49464182
26/01/21 20:00:00, 27.52354093
26/01/21 20:20:00, 27.98677009
26/01/21 20:40:00, 27.94145409
26/01/21 21:00:00, 27.74226335
26/01/21 21:20:00, 27.82850463
26/01/21 21:40:00, 27.9868582
26/01/21 22:00:00, 27.83056967
26/01/21 22:20:00, 28.07307727
26/01/21 22:40:00, 27.84839598
26/01/21 23:00:00, 27.48392045
26/01/21 23:20:00, 27.61963784
26/01/21 23:40:00, 27.99849707
27/01/21 00:00:00, 27.65595069
27/01/21 00:20:00, 27.42197298
27/01/21 00:40:00, 27.83194985
27/01/21 01:00:00, 27.6593961
27/01/21 01:20:00, 27.68331358
27/01/21 01:40:00, 27.71038704
27/01/21 02:00:00, 27.92094124
27/01/21 02:20:00, 27.73833842
27/01/21 02:40:00, 27.70795156
27/01/21 03:00:00, 27.60170723
27/01/21 03:20:00, 27.67420699
27/01/21 03:40:00, 27.22894095
27/01/21 04:00:00, 27.57048344
27/01/21 04:20:00, 27.06948305
27/01/21 04:40:00, 27.37476447
27/01/21 05:00:00, 27.10104251
27/01/21 05:20:00, 26.99275065
27/01/21 05:40:00, 27.39656481
27/01/21 06:00:00, 27.09605001
27/01/21 06:20:00, 27.20072692
27/01/21 06:40:00, 26.96908572
27/01/21 07:00:00, 27.17152084
27/01/21 07:20:00, 26.6464115
27/01/21 07:40:00, 26.92613675
27/01/21 08:00:00, 26.79643502
27/01/21 08:20:00, 26.4826261
27/01/21 08:40:00, 26.88089197
27/01/21 09:00:00, 26.59040574
27/01/21 09:20:00, 26.26661831
27/01/21 09:40:00, 26.36166429
27/01/21 10:00:00, 26.33200333
27/01/21 10:20:00, 26.09120351
27/01/21 10:40:00, 25.98741098
27/01/21 11:00:00, 26.10139899
27/01/21 11:20:00, 25.93335783
27/01/21 11:40:00, 26.11655251
27/01/21 12:00:00, 25.78517923
27/01/21 12:20:00, 25.83243628
27/01/21 12:40:00, 25.86316306
27/01/21 13:00:00, 25.79064682
27/01/21 13:20:00, 25.29916765
27/01/21 13:40:00, 25.39129602
27/01/21 14:00:00, 25.38763813
27/01/21 14:20:00, 25.03495492
27/01/21 14:40:00, 25.26794507
27/01/21 15:00:00, 24.941598
27/01/21 15:20:00, 24.8228273
27/01/21 15:40:00, 24.66211588
27/01/21 16:00:00, 24.78940358
27/01/21 16:20:00, 24.70453723
27/01/21 16:40:00, 24.62942561
27/01/21 17:00:00, 24.26019328
27/01/21 17:20:00, 24.20736156
27/01/21 17:40:00, 24.13367644
27/01/21 18:00:00, 24.11446965
27/01/21 18:20:00, 23.93138858
27/01/21 18:40:00, 23.92056692
27/01/21 19:00:00, 23.69979744
27/01/21 19:20:00, 23.55716076
27/01/21 19:40:00, 23.56361414
27/01/21 20:00:00, 23.39996872
27/01/21 20:20:00, 23.21091071
27/01/21 20:40:00, 23.19241643
27/01/21 21:00:00, 23.06546982
27/01/21 21:20:00, 22.98569246
27/01/21 21:40:00, 22.83304866
27/01/21 22:00:00, 22.7318296
27/01/21 22:20:00, 22.61694929
27/01/21 22:40:00, 22.47557685
27/01/21 23:00:00, 22.36575189
27/01/21 23:20:00, 22.25608184
27/01/21 23:40:00, 22.13562676
28/01/21 00:00:00, 22.01725538
28/01/21 00:20:00, 21.89149316
28/01/21 00:40:00, 21.80482838
28/01/21 01:00:00, 21.64581239
28/01/21 01:20:00, 21.54809642
28/01/21 01:40:00, 21.39594981
28/01/21 02:00:00, 21.30007821
28/01/21 02:20:00, 21.25561025
28/01/21 02:40:00, 21.12703289
28/01/21 03:00:00, 21.0129469
28/01/21 03:20:00, 20.94849197
28/01/21 03:40:00, 20.72121951
28/01/21 04:00:00, 20.66361565
28/01/21 04:20:00, 20.55045833
28/01/21 04:40:00, 20.49930158
28/01/21 05:00:00, 20.40202405
28/01/21 05:20:00, 20.18864764
28/01/21 05:40:00, 20.07256692
28/01/21 06:00:00, 20.03869706
28/01/21 06:20:00, 19.81209928
28/01/21 06:40:00, 19.7446947
28/01/21 07:00:00, 19.52971769
28/01/21 07:20:00, 19.50656866
28/01/21 07:40:00, 19.40522713
28/01/21 08:00:00, 19.19564718
28/01/21 08:20:00, 19.40935223
28/01/21 08:40:00, 19.16130322
28/01/21 09:00:00, 19.00562973
28/01/21 09:20:00, 18.80171184
28/01/21 09:40:00, 18.81725436
28/01/21 10:00:00, 18.62508509
28/01/21 10:20:00, 18.83898663
28/01/21 10:40:00, 18.82726831
28/01/21 11:00:00, 18.62504652
28/01/21 11:20:00, 18.54938976
28/01/21 11:40:00, 18.49908423
28/01/21 12:00:00, 18.11048715
28/01/21 12:20:00, 18.19663
28/01/21 12:40:00, 18.28153937
28/01/21 13:00:00, 18.19871686
28/01/21 13:20:00, 17.95049032
28/01/21 13:40:00, 18.10442261
28/01/21 14:00:00, 17.60678877
28/01/21 14:20:00, 17.76284029
28/01/21 14:40:00, 17.91020499
28/01/21 15:00:00, 17.73354772
28/01/21 15:20:00, 17.34315445
28/01/21 15:40:00, 17.4825287
28/01/21 16:00:00, 17.44021396
28/01/21 16:20:00, 17.40098936
28/01/21 16:40:00, 17.11864185
28/01/21 17:00:00, 16.9342817
28/01/21 17:20:00, 16.97365884
28/01/21 17:40:00, 16.8979972
28/01/21 18:00:00, 17.29242538
28/01/21 18:20:00, 17.07904757
28/01/21 18:40:00, 17.23045134
28/01/21 19:00:00, 17.06964032
28/01/21 19:20:00, 16.61874548
28/01/21 19:40:00, 16.97178963
28/01/21 20:00:00, 16.95535513
28/01/21 20:20:00, 16.53788674
28/01/21 20:40:00, 16.90733651
28/01/21 21:00:00, 16.47179703
28/01/21 21:20:00, 16.91909902
28/01/21 21:40:00, 16.82487677
28/01/21 22:00:00, 16.29948723
28/01/21 22:20:00, 16.81321856
28/01/21 22:40:00, 16.43018092
28/01/21 23:00:00, 16.59722176
28/01/21 23:20:00, 16.33896078
28/01/21 23:40:00, 16.59814119
29/01/21 00:00:00, 16.23129428
29/01/21 00:20:00, 16.79445573
29/01/21 00:40:00, 16.79962891
29/01/21 01:00:00, 16.67118405
29/01/21 01:20:00, 16.48055142
29/01/21 01:40:00, 16.23400708
29/01/21 02:00:00, 16.46553368
29/01/21 02:20:00, 16.52688519
29/01/21 02:40:00, 16.57776255
29/01/21 03:00:00, 16.43932287
29/01/21 03:20:00, 16.72061992
29/01/21 03:40:00, 16.22871288
29/01/21 04:00:00, 16.26152149
29/01/21 04:20:00, 16.62330655
29/01/21 04:40:00, 16.34466888
29/01/21 05:00:00, 16.59929743
29/01/21 05:20:00, 16.81781391
29/01/21 05:40:00, 16.46127481
29/01/21 06:00:00, 16.79287491
29/01/21 06:20:00, 16.73621268
29/01/21 06:40:00, 16.97133932
29/01/21 07:00:00, 16.79413313
29/01/21 07:20:00, 17.00853767
29/01/21 07:40:00, 17.04364125
29/01/21 08:00:00, 16.65049048
29/01/21 08:20:00, 16.94120818
29/01/21 08:40:00, 17.21774421
29/01/21 09:00:00, 16.82149535
29/01/21 09:20:00, 16.91992795
29/01/21 09:40:00, 17.14181697
29/01/21 10:00:00, 16.89366917
29/01/21 10:20:00, 17.46055953
29/01/21 10:40:00, 17.12176492
29/01/21 11:00:00, 17.19888533
29/01/21 11:20:00, 17.16849244
29/01/21 11:40:00, 17.74957058
29/01/21 12:00:00, 17.4818258
29/01/21 12:20:00, 17.36304906
29/01/21 12:40:00, 17.4282282
29/01/21 13:00:00, 17.62520341
29/01/21 13:20:00, 17.88712611
29/01/21 13:40:00, 18.07209273
29/01/21 14:00:00, 18.06511306
29/01/21 14:20:00, 18.0063845
29/01/21 14:40:00, 18.22959522
29/01/21 15:00:00, 18.05966881
29/01/21 15:20:00, 18.15789284
29/01/21 15:40:00, 18.42680241
29/01/21 16:00:00, 18.59046132
29/01/21 16:20:00, 18.38451038
29/01/21 16:40:00, 18.56857759
29/01/21 17:00:00, 18.81389276
29/01/21 17:20:00, 18.71282305
29/01/21 17:40:00, 18.98828388
29/01/21 18:00:00, 19.14716954
29/01/21 18:20:00, 18.99473856
29/01/21 18:40:00, 19.45126612
29/01/21 19:00:00, 19.4676984
29/01/21 19:20:00, 19.34173019
29/01/21 19:40:00, 19.62967525
29/01/21 20:00:00, 19.60697151
29/01/21 20:20:00, 19.71569607
29/01/21 20:40:00, 20.05128417
29/01/21 21:00:00, 20.08206209
29/01/21 21:20:00, 20.1324043
29/01/21 21:40:00, 20.12361284
29/01/21 22:00:00, 20.23429775
29/01/21 22:20:00, 20.5034962
29/01/21 22:40:00, 20.54215259
29/01/21 23:00:00, 20.74441714
29/01/21 23:20:00, 20.71760328
29/01/21 23:40:00, 20.89719464
30/01/21 00:00:00, 20.92766275
30/01/21 00:20:00, 21.12210101
30/01/21 00:40:00, 21.27023286
30/01/21 01:00:00, 21.31582383
30/01/21 01:20:00, 21.4791329
30/01/21 01:40:00, 21.60495341
30/01/21 02:00:00, 21.68041693
30/01/21 02:20:00, 21.80247993
30/01/21 02:40:00, 21.96476251
30/01/21 03:00:00, 22.09486022
30/01/21 03:20:00, 22.21318971
30/01/21 03:40:00, 22.31496881
30/01/21 04:00:00, 22.43954871
30/01/21 04:20:00, 22.55687587
30/01/21 04:40:00, 22.69312527
30/01/21 05:00:00, 22.78325752
30/01/21 05:20:00, 22.92196329
30/01/21 05:40:00, 23.04447732
30/01/21 06:00:00, 23.15323075
30/01/21 06:20:00, 23.23489799
30/01/21 06:40:00, 23.40876611
30/01/21 07:00:00, 23.57347283
30/01/21 07:20:00, 23.63458753
30/01/21 07:40:00, 23.7525232
30/01/21 08:00:00, 23.90111367
30/01/21 08:20:00, 23.88861326
30/01/21 08:40:00, 24.08547656
30/01/21 09:00:00, 24.21777086
30/01/21 09:20:00, 24.35227515
30/01/21 09:40:00, 24.42293078
30/01/21 10:00:00, 24.62449488
30/01/21 10:20:00, 24.59873944
30/01/21 10:40:00, 24.89762466
30/01/21 11:00:00, 24.94604013
30/01/21 11:20:00, 25.04690655
30/01/21 11:40:00, 25.26886752
30/01/21 12:00:00, 25.28675221
30/01/21 12:20:00, 25.44829839
30/01/21 12:40:00, 25.29629278
30/01/21 13:00:00, 25.62604275
30/01/21 13:20:00, 25.78701142
30/01/21 13:40:00, 25.5888614
30/01/21 14:00:00, 25.97878972
30/01/21 14:20:00, 26.02772166
30/01/21 14:40:00, 25.81224374
30/01/21 15:00:00, 25.99027274
30/01/21 15:20:00, 26.42403245
30/01/21 15:40:00, 26.1782264
30/01/21 16:00:00, 26.56528113
30/01/21 16:20:00, 26.46326647
30/01/21 16:40:00, 26.34890847
30/01/21 17:00:00, 26.46409714
30/01/21 17:20:00, 26.9288147
30/01/21 17:40:00, 26.68617187
30/01/21 18:00:00, 26.85880708
30/01/21 18:20:00, 27.1497119
30/01/21 18:40:00, 26.93901274
30/01/21 19:00:00, 27.26309784
30/01/21 19:20:00, 27.1166464
30/01/21 19:40:00, 27.3942874
30/01/21 20:00:00, 27.54401824
30/01/21 20:20:00, 27.68070151
30/01/21 20:40:00, 27.54930453
30/01/21 21:00:00, 27.72377561
30/01/21 21:20:00, 27.67192586
30/01/21 21:40:00, 27.66304037
30/01/21 22:00:00, 27.52040422
30/01/21 22:20:00, 27.7609285
30/01/21 22:40:00, 27.68550607
30/01/21 23:00:00, 27.83105173
30/01/21 23:20:00, 28.23770495
30/01/21 23:40:00, 27.72140908
31/01/21 00:00:00, 28.25139496
31/01/21 00:20:00, 28.03951644
31/01/21 00:40:00, 27.9932706
31/01/21 01:00:00, 28.34947091
31/01/21 01:20:00, 28.45207998
31/01/21 01:40:00, 28.43857046
31/01/21 02:00:00, 28.07113672
31/01/21 02:20:00, 28.09541995
31/01/21 02:40:00, 28.48998336
31/01/21 03:00:00, 28.19550719
31/01/21 03:20:00, 28.24608796
31/01/21 03:40:00, 28.23289681
31/01/21 04:00:00, 28.56246138
31/01/21 04:20:00, 28.06226802
31/01/21 04:40:00, 28.5097441
31/01/21 05:00:00, 28.51225614
31/01/21 05:20:00, 28.30163876
31/01/21 05:40:00, 28.2063296
31/01/21 06:00:00, 28.19603678
31/01/21 06:20:00, 28.6133704
31/01/21 06:40:00, 28.4407273
31/01/21 07:00:00, 28.66591894
31/01/21 07:20:00, 28.61027658
31/01/21 07:40:00, 28.28721376
31/01/21 08:00:00, 28.56143864
31/01/21 08:20:00, 28.35120387
31/01/21 08:40:00, 28.63704484
31/01/21 09:00:00, 28.09022087
31/01/21 09:20:00, 28.14571007
31/01/21 09:40:00, 28.29798157
31/01/21 10:00:00, 28.3679452
31/01/21 10:20:00, 28.61513878
31/01/21 10:40:00, 28.07636327
31/01/21 11:00:00, 28.20173091
31/01/21 11:20:00, 28.43598596
31/01/21 11:40:00, 28.123021
31/01/21 12:00:00, 28.09313126
31/01/21 12:20:00, 28.37009169
31/01/21 12:40:00, 28.26849221
31/01/21 13:00:00, 28.22818646
31/01/21 13:20:00, 28.12357996
31/01/21 13:40:00, 27.70231947
31/01/21 14:00:00, 28.05160944
31/01/21 14:20:00, 27.9556407
31/01/21 14:40:00, 28.0720757
31/01/21 15:00:00, 27.68623345
31/01/21 15:20:00, 27.81417891
31/01/21 15:40:00, 27.39901543
31/01/21 16:00:00, 27.35977889
31/01/21 16:20:00, 27.36584818
31/01/21 16:40:00, 27.43672783
31/01/21 17:00:00, 27.3839627
31/01/21 17:20:00, 27.21415032
31/01/21 17:40:00, 27.32477811
31/01/21 18:00:00, 27.02448177
31/01/21 18:20:00, 27.2901634
31/01/21 18:40:00, 26.96661533
31/01/21 19:00:00, 26.94313126
31/01/21 19:20:00, 26.75633963
31/01/21 19:40:00, 26.60584217
31/01/21 20:00:00, 26.48164296
31/01/21 20:20:00, 26.53757177
31/01/21 20:40:00, 26.68590756
31/01/21 21:00:00, 26.28830468
31/01/21 21:20:00, 26.3131607
31/01/21 21:40:00, 26.31041071
31/01/21 22:00:00, 26.31202184
31/01/21 22:20:00, 26.0873919
31/01/21 22:40:00, 25.90680414
31/01/21 23:00:00, 26.01408944
31/01/21 23:20:00, 25.81569656
31/01/21 23:40:00, 25.494037
01/02/21 00:00:00, 25.43964425
01/02/21 00:20:00, 25.42607659
01/02/21 00:40:00, 25.17968613
01/02/21 01:00:00, 25.09311991
01/02/21 01:20:00, 25.22330755
01/02/21 01:40:00, 25.01765526
01/02/21 02:00:00, 25.07003235
01/02/21 02:20:00, 24.9443379
01/02/21 02:40:00, 24.76324552
01/02/21 03:00:00, 24.65132498
01/02/21 03:20:00, 24.50887452
01/02/21 03:40:00, 24.30960766
01/02/21 04:00:00, 24.23230665
01/02/21 04:20:00, 24.15484848
01/02/21 04:40:00, 23.9687272
01/02/21 05:00:00, 23.98218278
01/02/21 05:20:00, 23.79848454
01/02/21 05:40:00, 23.7279885
01/02/21 06:00:00, 23.60504491
01/02/21 06:20:00, 23.50507724
01/02/21 06:40:00, 23.3767405
01/02/21 07:00:00, 23.26291148
01/02/21 07:20:00, 23.10381245
01/02/21 07:40:00, 23.00625706
01/02/21 08:00:00, 22.8849425
01/02/21 08:20:00, 22.77676956
01/02/21 08:40:00, 22.66081249
01/02/21 09:00:00, 22.556807
01/02/21 09:20:00, 22.43897037
01/02/21 09:40:00, 22.32067886
01/02/21 10:00:00, 22.20373037
01/02/21 10:20:00, 22.08731575
01/02/21 10:40:00, 21.91339255
01/02/21 11:00:00, 21.83192002
01/02/21 11:20:00, 21.7102251
01/02/21 11:40:00, 21.56914858
01/02/21 12:00:00, 21.48301811
01/02/21 12:20:00, 21.3049447
01/02/21 12:40:00, 21.2788965
01/02/21 13:00:00, 21.07811546
01/02/21 13:20:00, 21.04302849
01/02/21 13:40:00, 21.01129521
01/02/21 14:00:00, 20.88539585
01/02/21 14:20:00, 20.77854928
01/02/21 14:40:00, 20.65624132
01/02/21 15:00:00, 20.50955988
01/02/21 15:20:00, 20.47740651
01/02/21 15:40:00, 20.16415432
01/02/21 16:00:00, 20.34244634
01/02/21 16:20:00, 20.0790737
01/02/21 16:40:00, 20.14891465
01/02/21 17:00:00, 19.73959879
01/02/21 17:20:00, 19.98227334
01/02/21 17:40:00, 19.7965072
01/02/21 18:00:00, 19.40908217
01/02/21 18:20:00, 19.33276913
01/02/21 18:40:00, 19.52575952
01/02/21 19:00:00, 19.52931534
01/02/21 19:20:00, 19.26979165
01/02/21 19:40:00, 19.06500717
01/02/21 20:00:00, 19.20906445
01/02/21 20:20:00, 19.06649546
01/02/21 20:40:00, 18.74093042
01/02/21 21:00:00, 18.74962985
01/02/21 21:20:00, 18.78831268
01/02/21 21:40:00, 18.43007459
01/02/21 22:00:00, 18.31257272
01/02/21 22:20:00, 18.68143466
01/02/21 22:40:00, 18.51162912
01/02/21 23:00:00, 18.37909067
01/02/21 23:20:00, 18.23793501
01/02/21 23:40:00, 17.97407045
02/02/21 00:00:00, 18.30378284
02/02/21 00:20:00, 18.20709683
02/02/21 00:40:00, 17.80185866
02/02/21 01:00:00, 17.91406756
02/02/21 01:20:00, 18.00205608
02/02/21 01:40:00, 17.87996889
02/02/21 02:00:00, 17.74627865
02/02/21 02:20:00, 17.86154103
02/02/21 02:40:00, 17.61386777
02/02/21 03:00:00, 17.64934457
02/02/21 03:20:00, 17.3963258
02/02/21 03:40:00, 17.78779603
02/02/21 04:00:00, 17.46747944
02/02/21 04:20:00, 17.19096107
02/02/21 04:40:00, 17.2931767
02/02/21 05:00:00, 17.53616614
02/02/21 05:20:00, 17.12340744
02/02/21 05:40:00, 17.03406834
02/02/21 06:00:00, 17.09977448
02/02/21 06:20:00, 17.27408703
02/02/21 06:40:00, 17.38113783
02/02/21 07:00:00, 16.92064671
02/02/21 07:20:00, 16.89450785
02/02/21 07:40:00, 17.40707539
02/02/21 08:00:00, 16.96937252
02/02/21 08:20:00, 17.19248484
02/02/21 08:40:00, 17.22578195
02/02/21 09:00:00, 16.77690523
02/02/21 09:20:00, 16.89080673
02/02/21 09:40:00, 16.91959901
02/02/21 10:00:00, 17.21136143
02/02/21 10:20:00, 17.26430052
02/02/21 10:40:00, 17.33417464
02/02/21 11:00:00, 17.26028834
02/02/21 11:20:00, 16.74574927
02/02/21 11:40:00, 17.36516899
02/02/21 12:00:00, 17.14526265
02/02/21 12:20:00, 17.3901694
02/02/21 12:40:00, 16.9200662
02/02/21 13:00:00, 17.18127559
02/02/21 13:20:00, 17.44096116
02/02/21 13:40:00, 16.84771311
02/02/21 14:00:00, 17.01945524
02/02/21 14:20:00, 17.45773203
02/02/21 14:40:00, 17.2654556
02/02/21 15:00:00, 17.39792357
02/02/21 15:20:00, 17.57559575
02/02/21 15:40:00, 17.64847821
02/02/21 16:00:00, 17.28394768
02/02/21 16:20:00, 17.25643369
02/02/21 16:40:00, 17.31912901
02/02/21 17:00:00, 17.79343084
02/02/21 17:20:00, 17.32112933
02/02/21 17:40:00, 17.3342064
02/02/21 18:00:00, 17.91081173
02/02/21 18:20:00, 17.85549272
02/02/21 18:40:00, 17.89521707
02/02/21 19:00:00, 17.9333084
02/02/21 19:20:00, 17.93885277
02/02/21 19:40:00, 17.80876745
02/02/21 20:00:00, 17.9069827
02/02/21 20:20:00, 18.33788007
02/02/21 20:40:00, 18.21988851
02/02/21 21:00:00, 17.99024813
02/02/21 21:20:00, 18.0686763
02/02/21 21:40:00, 18.49387549
02/02/21 22:00:00, 18.3021876
02/02/21 22:20:00, 18.24506694
02/02/21 22:40:00, 18.65864441
02/02/21 23:00:00, 18.59910871
02/02/21 23:20:00, 18.72350179
02/02/21 23:40:00, 18.85927863
03/02/21 00:00:00, 18.70926919
03/02/21 00:20:00, 18.93390136
03/02/21 00:40:00, 19.10675385
03/02/21 01:00:00, 18.94406938
03/02/21 01:20:00, 19.47631835
03/02/21 01:40:00, 19.52901539
03/02/21 02:00:00, 19.61044396
03/02/21 02:20:00, 19.63827761
03/02/21 02:40:00, 19.44407794
03/02/21 03:00:00, 19.74656123
03/02/21 03:20:00, 19.98679956
03/02/21 03:40:00, 19.77346475
03/02/21 04:00:00, 19.92495169
03/02/21 04:20:00, 20.11390039
03/02/21 04:40:00, 20.29404189
03/02/21 05:00:00, 20.46503195
03/02/21 05:20:00, 20.58744414
03/02/21 05:40:00, 20.70472515
03/02/21 06:00:00, 20.57975701
03/02/21 06:20:00, 20.76023278
03/02/21 06:40:00, 20.95883665
03/02/21 07:00:00, 21.03906908
03/02/21 07:20:00, 21.22841858
03/02/21 07:40:00, 21.24972679
03/02/21 08:00:00, 21.34375848
03/02/21 08:20:00, 21.55527686
03/02/21 08:40:00, 21.55626766
03/02/21 09:00:00, 21.60892444
03/02/21 09:20:00, 21.81108698
03/02/21 09:40:00, 21.86193863
03/02/21 10:00:00, 21.98517401
03/02/21 10:20:00, 22.20177943
03/02/21 10:40:00, 22.29381855
03/02/21 11:00:00, 22.38627842
03/02/21 11:20:00, 22.5339071
03/02/21 11:40:00, 22.63573108
03/02/21 12:00:00, 22.74993271
03/02/21 12:20:00, 22.88443815
03/02/21 12:40:00, 23.0003345
03/02/21 13:00:00, 23.12295493
03/02/21 13:20:00, 23.22972422
03/02/21 13:40:00, 23.35107568
03/02/21 14:00:00, 23.47621252
03/02/21 14:20:00, 23.60825656
03/02/21 14:40:00, 23.75300696
03/02/21 15:00:00, 23.87839542
03/02/21 15:20:00, 23.90814618
03/02/21 15:40:00, 24.04953032
03/02/21 16:00:00, 24.19838195
03/02/21 16:20:00, 24.38937693
03/02/21 16:40:00, 24.4192246
03/02/21 17:00:00, 24.57958752
03/02/21 17:20:00, 24.63552467
03/02/21 17:40:00, 24.71153317
03/02/21 18:00:00, 24.9617111
03/02/21 18:20:00, 24.90148978
03/02/21 18:40:00, 25.15107131
03/02/21 19:00:00, 25.26495281
03/02/21 19:20:00, 25.42556189
03/02/21 19:40:00, 25.3457619
03/02/21 20:00:00, 25.47591925
03/02/21 20:20:00, 25.72666342
03/02/21 20:40:00, 25.78583891
03/02/21 21:00:00, 25.91562688
03/02/21 21:20:00, 26.00890483
03/02/21 21:40:00, 26.12991206
03/02/21 22:00:00, 26.33413774
03/02/21 22:20:00, 26.24485769
03/02/21 22:40:00, 26.56725683
03/02/21 23:00:00, 26.67027613
03/02/21 23:20:00, 26.64182023
03/02/21 23:40:00, 26.75107995
04/02/21 00:00:00, 26.86615287
04/02/21 00:20:00, 26.98219313
04/02/21 00:40:00, 27.15346945
04/02/21 01:00:00, 26.85660627
04/02/21 01:20:00, 27.10270483
04/02/21 01:40:00, 26.94694793
04/02/21 02:00:00, 27.44286817
04/02/21 02:20:00, 27.20008241
04/02/21 02:40:00, 27.36676923
04/02/21 03:00:00, 27.65349716
04/02/21 03:20:00, 27.47256751
04/02/21 03:40:00, 27.46587522
04/02/21 04:00:00, 28.0163975
04/02/21 04:20:00, 27.9255025
04/02/21 04:40:00, 27.75594333
04/02/21 05:00:00, 27.8128013
04/02/21 05:20:00, 27.88102231
04/02/21 05:40:00, 28.33580001
04/02/21 06:00:00, 28.31237655
04/02/21 06:20:00, 27.94675011
04/02/21 06:40:00, 28.43165037
04/02/21 07:00:00, 28.58327989
04/02/21 07:20:00, 28.34508865
04/02/21 07:40:00, 28.43730463
04/02/21 08:00:00, 28.67978536
04/02/21 08:20:00, 28.49393851
04/02/21 08:40:00, 28.46825779
04/02/21 09:00:00, 28.68770537
04/02/21 09:20:00, 28.63405085
04/02/21 09:40:00, 28.60012457
04/02/21 10:00:00, 28.79486326
04/02/21 10:20:00, 28.99705166
04/02/21 10:40:00, 28.63382603
04/02/21 11:00:00, 29.07402872
04/02/21 11:20:00, 28.7227867
04/02/21 11:40:00, 28.77602797
04/02/21 12:00:00, 28.91156159
04/02/21 12:20:00, 29.20554617
04/02/21 12:40:00, 28.6854797
04/02/21 13:00:00, 28.86162114
04/02/21 13:20:00, 28.83840826
04/02/21 13:40:00, 28.93137711
04/02/21 14:00:00, 29.17262892
04/02/21 14:20:00, 29.04623868
04/02/21 14:40:00, 28.91518355
04/02/21 15:00:00, 28.86495027
04/02/21 15:20:00, 29.11344412
04/02/21 15:40:00, 29.12791346
04/02/21 16:00:00, 29.03046662
04/02/21 16:20:00, 29.13393735
04/02/21 16:40:00, 29.20597004
04/02/21 17:00:00, 29.27130089
04/02/21 17:20:00, 28.70599542
04/02/21 17:40:00, 29.06726893
04/02/21 18:00:00, 28.80690569
04/02/21 18:20:00, 28.61094395
04/02/21 18:40:00, 28.99927369
04/02/21 19:00:00, 29.0701944
04/02/21 19:20:00, 28.60793918
04/02/21 19:40:00, 28.76097771
04/02/21 20:00:00, 28.60523861
04/02/21 20:20:00, 28.6738081
04/02/21 20:40:00, 28.98956269
04/02/21 21:00:00, 28.77934146
04/02/21 21:20:00, 28.50731048
04/02/21 21:40:00, 28.45121703
04/02/21 22:00:00, 28.69640956
04/02/21 22:20:00, 28.21083405
04/02/21 22:40:00, 28.42152174
04/02/21 23:00:00, 28.59262146
04/02/21 23:20:00, 28.0533269
04/02/21 23:40:00, 28.02754631
05/02/21 00:00:00, 28.24372451
05/02/21 00:20:00, 28.41544942
05/02/21 00:40:00, 27.8077288
05/02/21 01:00:00, 27.80626839
05/02/21 01:20:00, 28.14435307
05/02/21 01:40:00, 27.77583292
05/02/21 02:00:00, 28.11830585
05/02/21 02:20:00, 27.84862909
05/02/21 02:40:00, 27.62185394
05/02/21 03:00:00, 27.58620772
05/02/21 03:20:00, 27.31220785
